details_name,Cube Name
Faithless Looting,25
Duress,22
Abrade,22
Unearth,21
Lightning Bolt,21
Preordain,20
Bloodchief's Thirst,20
Bone Shards,19
Young Pyromancer,19
Dragon's Rage Channeler,19
Firebolt,18
Carrion Feeder,18
Third Path Iconoclast,18
Thought Scour,18
Frantic Search,17
Reclamation Sage,17
Counterspell,17
Consider,17
Brainstorm,17
Porcelain Legionnaire,17
Opt,17
Mana Leak,17
Chart a Course,17
Cathar Commando,16
Soulherder,16
Scrapwork Mutt,16
Miscalculation,16
Mishra's Bauble,16
Blood Artist,16
Pyrite Spellbomb,15
Grafted Wargear,15
Monastery Swiftspear,15
Cut Down,15
Rabbit Battery,15
Prismatic Ending,15
Eternal Witness,15
Ponder,14
Dismember,14
Infernal Grasp,14
Llanowar Elves,14
Selesnya Sanctuary,14
Rancor,14
Gingerbrute,14
Ash Barrens,14
Unholy Heat,14
Chromatic Star,14
Mayhem Devil,14
Cankerbloom,14
Path to Exile,14
Usher of the Fallen,14
Mind Stone,14
Murderous Cut,14
Thraben Inspector,14
Ephemerate,14
Golgari Rot Farm,13
Simic Growth Chamber,13
Expressive Iteration,13
Chain Lightning,13
Gruul Turf,13
Stitcher's Supplier,13
Fire // Ice,13
Fact or Fiction,13
Treetop Village,13
The Underworld Cookbook,13
Lightning Helix,13
Treasure Cruise,13
Lose Focus,13
Portable Hole,13
Ravenous Squirrel,12
Touch the Spirit Realm,12
Flame Slash,12
Night's Whisper,12
Lingering Souls,12
Bonesplitter,12
Wild Growth,12
Inquisition of Kozilek,12
Burst Lightning,12
Swords to Plowshares,12
Hard Evidence,12
Goblin Bombardment,12
Electrostatic Infantry,12
Animate Dead,11
Urza's Bauble,11
Mulldrifter,11
Recruitment Officer,11
Aether Spellbomb,11
Snuff Out,11
Memory Lapse,11
Signal Pest,11
Mother of Runes,11
Remand,11
Goblin Cratermaker,11
Arbor Elf,11
Tireless Provisioner,11
Twinshot Sniper,11
Izzet Boilerworks,11
Cathartic Pyre,11
Azorius Chancery,11
Daze,11
Rakdos Carnarium,11
Fatal Push,11
Flickerwisp,11
Orzhov Basilica,11
Censor,11
Incinerate,11
Dimir Aqueduct,11
Perilous Myr,11
Rip Apart,11
Timeless Witness,11
Hidden Stockpile,10
Wall of Omens,10
Fyndhorn Elves,10
Battle Screech,10
Deadly Dispute,10
Experiment One,10
Ravenous Chupacabra,10
Zulaport Cutthroat,10
Viscera Seer,10
Boros Garrison,10
Myr Retriever,10
Heirloom Blade,10
Shriekmaw,10
Mishra's Factory,10
Kitesail Freebooter,10
Sakura-Tribe Elder,10
Into the Roil,10
Supreme Will,10
Containment Construct,10
Flametongue Kavu,10
Electrolyze,10
Magma Jet,10
Flametongue Yearling,10
Cast Out,10
Lightning Greaves,10
Bastion of Remembrance,9
Necromancy,9
Satyr Wayfinder,9
Patchwork Automaton,9
Kitchen Finks,9
Deep Analysis,9
Journey to Nowhere,9
Manamorphose,9
Joraga Treespeaker,9
Oblivion Ring,9
Recommission,9
Winding Way,9
Feed the Swarm,9
Think Twice,9
"Elas il-Kor, Sadistic Pilgrim",9
"Saheeli, Sublime Artificer",9
Clarion Spirit,9
Go for the Throat,9
Mogg War Marshal,9
Sprite Dragon,9
Whirler Rogue,9
Condescend,9
Utopia Sprawl,9
Spirited Companion,9
Mental Note,9
Ulcerate,8
Rampant Growth,8
Cult Conscript,8
Citizen's Crowbar,8
Looter il-Kor,8
Coiling Oracle,8
Colossal Skyturtle,8
Mana Tithe,8
Bala Ged Recovery,8
Oni-Cult Anvil,8
Baleful Strix,8
Dread Return,8
Magmatic Sinkhole,8
Vault Skirge,8
Light Up the Stage,8
Tidehollow Sculler,8
Mishra's Research Desk,8
Intangible Virtue,8
Heartless Act,8
Mesmeric Fiend,8
Burning-Tree Emissary,8
Demonic Tutor,8
Tolarian Terror,8
Sheoldred's Edict,8
Hymn to Tourach,8
Jack-o'-Lantern,8
Kor Skyfisher,8
Harrow,8
Bloodtithe Harvester,8
Izzet Charm,8
"Tormod, the Desecrator",8
Careful Study,8
"Gut, True Soul Zealot",8
Terramorphic Expanse,8
Binding the Old Gods,8
Bloodbraid Elf,8
Dauntless Bodyguard,8
Gitaxian Probe,8
Spell Pierce,8
Forked Bolt,8
Sling-Gang Lieutenant,8
Galvanic Blast,8
Worn Powerstone,8
Oust,8
Ornithopter of Paradise,8
Hooting Mandrills,7
Voldaren Epicure,7
Sleight of Hand,7
Cranial Plating,7
Spectral Procession,7
Blazing Rootwalla,7
Delver of Secrets,7
Discovery // Dispersal,7
Exclude,7
Selesnya Signet,7
Lunarch Veteran,7
Lava Dart,7
Adanto Vanguard,7
Gnarlwood Dryad,7
Raffine's Informant,7
Experimental Synthesizer,7
Razortide Bridge,7
Inspiring Overseer,7
Ichor Wellspring,7
Arc Trail,7
Seasoned Hallowblade,7
Llanowar Visionary,7
Snap,7
Terminate,7
Pacifism,7
Search for Tomorrow,7
Arcbound Tracker,7
Embereth Shieldbreaker,7
Heroic Reinforcements,7
Boros Charm,7
Monoskelion,7
Mnemonic Sphere,7
Lightning Strike,7
Mortarpod,7
Victimize,7
Reinforced Ronin,7
Regrowth,7
Arcbound Prototype,7
Seal of Fire,7
Combat Courier,7
Devoted Druid,7
Seal of Cleansing,7
Murmuring Mystic,7
Prosperous Innkeeper,7
Icy Manipulator,7
Tear Asunder,7
Triarch Praetorian,7
Price of Fame,7
Chromatic Sphere,7
Unburial Rites,7
Watcher for Tomorrow,7
Cast Down,7
Pteramander,7
Pestermite,7
Psychatog,7
Masked Vandal,7
"Balmor, Battlemage Captain",7
Drossforge Bridge,7
Snakeskin Veil,7
Abundant Harvest,7
Impulse,7
Orzhov Signet,6
Yotian Frontliner,6
Merfolk Looter,6
"Armix, Filigree Thrasher",6
Skymarcher Aspirant,6
Murderous Redcap,6
Mutagenic Growth,6
Dead Weight,6
"Juri, Master of the Revue",6
Whitemane Lion,6
Mire Triton,6
Izzet Signet,6
Meteor Golem,6
Cloudblazer,6
Fiery Temper,6
Goblin Anarchomancer,6
Silverbluff Bridge,6
Arc Lightning,6
"Erinis, Gloom Stalker",6
Blightning,6
Agonizing Remorse,6
Elves of Deep Shadow,6
Mistvault Bridge,6
Archaeomancer,6
Thrill of Possibility,6
Conclave Mentor,6
Conclave Tribunal,6
Boros Signet,6
Skullclamp,6
Weaponize the Monsters,6
Yavimaya Elder,6
Rakdos Signet,6
Kabira Takedown,6
Felidar Guardian,6
Repulse,6
Spikefield Hazard,6
Dimir Signet,6
Man-o'-War,6
Foundation Breaker,6
Fireblast,6
Searing Blaze,6
Azorius Signet,6
Dark Ritual,6
Temur Battle Rage,6
Sprout Swarm,6
Thriving Grove,6
Goldvein Pick,6
Cloud of Faeries,6
Basking Rootwalla,6
Seeker of the Way,6
Reassembling Skeleton,6
Field of Ruin,6
Force of Will,6
Faerie Guidemother,6
Tinker,6
Serum Visions,6
Barbed Spike,6
Negate,6
Golgari Signet,6
Rite of Oblivion,6
Simic Signet,6
Wilderness Reclamation,6
Nested Shambler,6
Acidic Slime,6
Make Disappear,6
Wall of Blossoms,6
Putrid Imp,6
Urborg Repossession,6
Beast Within,6
Wild Mongrel,6
Beanstalk Giant,6
Gruul Signet,6
Glass Casket,6
Dryad Militant,6
Khenra Spellspear,6
Thopter Engineer,6
Reanimate,6
Scurry Oak,6
Qasali Pridemage,6
Executioner's Capsule,6
Evolving Wilds,6
Tectonic Edge,6
Everflowing Chalice,6
Nantuko Husk,6
Mardu Woe-Reaper,6
Faerie Vandal,6
Exhume,6
Bannerhide Krushok,6
Tarfire,5
Untethered Express,5
Domri's Ambush,5
Hexgold Halberd,5
Forbidden Alchemy,5
Tendrils of Agony,5
Claim the Firstborn,5
Rimrock Knight,5
Malakir Rebirth,5
Ghor-Clan Rampager,5
Sensei's Divining Top,5
Spider Spawning,5
Pyroclasm,5
Undead Butler,5
Brain Maggot,5
Circuit Mender,5
Bushwhack,5
Brain Freeze,5
Tribal Flames,5
Tanglepool Bridge,5
Ghostly Flicker,5
Duskwatch Recruiter,5
Wren's Run Hydra,5
Mage's Attendant,5
Shipwreck Dowser,5
Trostani's Summoner,5
Makeshift Munitions,5
Ingenious Smith,5
Eliminate,5
Syncopate,5
Arcbound Javelineer,5
Hobblefiend,5
Phoenix Chick,5
Riftwing Cloudskate,5
Arcbound Mouser,5
Spell Snare,5
Fleshtaker,5
Disfigure,5
Return to Nature,5
Ridgescale Tusker,5
Shelter,5
Mirrorshell Crab,5
Circular Logic,5
Memnite,5
Iron Apprentice,5
Arcbound Shikari,5
Slagwoods Bridge,5
Spiteful Prankster,5
Gleeful Demolition,5
Cling to Dust,5
"Syr Konrad, the Grim",5
Callous Dismissal,5
Prophetic Prism,5
Kird Ape,5
"Grumgully, the Generous",5
Battle Cry Goblin,5
Wandering Mind,5
Night Scythe,5
Thirst for Knowledge,5
Beast Attack,5
Wall of Roots,5
Become Immense,5
Abzan Falconer,5
Wild Nacatl,5
Neutralize,5
Fertile Ground,5
Crystal Shard,5
Empty the Warrens,5
Gurmag Angler,5
Blasting Station,5
Evolution Sage,5
Krark-Clan Ironworks,5
Guttersnipe,5
Reckless Charge,5
Reckless Impulse,5
Thermo-Alchemist,5
Nihil Spellbomb,5
Growth Spiral,5
Skyfisher Spider,5
Thriving Moor,5
Ominous Seas,5
Thran Dynamo,5
Darkmoss Bridge,5
Oketra's Monument,5
Farseek,5
Darkblast,5
Thriving Bluff,5
Grapple with the Past,5
Thriving Heath,5
Thriving Isle,5
Throne of Geth,5
Khalni Ambush,5
Rakdos Cackler,5
Wasteland,5
Obsessive Search,5
Rally the Peasants,5
Stoke the Flames,5
Scrabbling Claws,5
Goldmire Bridge,5
Noble's Purse,5
Basalt Monolith,5
Skinrender,5
Strip Mine,5
Bitter Reunion,5
"Lagomos, Hand of Hatred",5
Springleaf Drum,5
Mortify,5
"Anax, Hardened in the Forge",5
Jade Mage,5
The Eldest Reborn,5
Bloodsky Berserker,5
Harmonize,5
Tragic Slip,5
Planar Disruption,5
Rustvale Bridge,5
Haywire Mite,5
Foundry Inspector,5
Control Magic,5
Reflector Mage,5
Winding Constrictor,5
Morbid Opportunist,5
Village Rites,5
Staggershock,5
Sicarian Infiltrator,5
Lightning Axe,5
Seal of Removal,5
Condemn,5
Soul Warden,5
Fires of Yavimaya,5
Momentary Blink,5
Thornglint Bridge,4
Kaleidoscorch,4
Soul-Guide Lantern,4
Phyrexian Rager,4
Chronomaton,4
Forsake the Worldly,4
Makeshift Mannequin,4
Spellstutter Sprite,4
Ahn-Crop Crasher,4
Ultimate Price,4
Chief of the Foundry,4
Charging Monstrosaur,4
Portent,4
Legion Vanguard,4
Conjurer's Bauble,4
Dakmor Salvage,4
Curse of Predation,4
Life // Death,4
Lesser Masticore,4
Diabolic Servitude,4
Levitating Statue,4
Thought Erasure,4
Liquimetal Torque,4
Decisive Denial,4
You Find Some Prisoners,4
Sandsteppe Citadel,4
Dockside Chef,4
Sparring Construct,4
Deranged Assistant,4
Prismatic Lens,4
Sojourner's Companion,4
Disenchant,4
Spectral Sailor,4
Lazotep Chancellor,4
Jewel Thief,4
Invasion of Mercadia,4
Joint Exploration,4
Ghitu Encampment,4
All That Glitters,4
Cloudkin Seer,4
Kumano Faces Kakkazan,4
Frogmite,4
Cruel Celebrant,4
Crumbling Necropolis,4
"Tatyova, Benthic Druid",4
Tranquil Thicket,4
Savage Lands,4
"Kiora, Behemoth Beckoner",4
Lay Down Arms,4
Cultivate,4
Sejiri Shelter,4
Invigorating Hot Spring,4
Pillar of Flame,4
Pilgrim's Eye,4
Cogwork Librarian,4
Lava Coil,4
Frontier Bivouac,4
Song of Freyalise,4
Doomed Traveler,4
Kodama's Reach,4
Travel Preparations,4
Avacyn's Pilgrim,4
Channel,4
Moon-Circuit Hacker,4
Halo Forager,4
Wilt,4
Vivid Creek,4
Stubborn Denial,4
Vivid Crag,4
Ossification,4
Filigree Familiar,4
Blossom Prancer,4
Blossoming Defense,4
Murder,4
Vines of Vastwood,4
Bone Shredder,4
Smother,4
Goblin Electromancer,4
Monk of the Open Hand,4
Shock,4
Overwhelming Remorse,4
Heartfire Immolator,4
"Renata, Called to the Hunt",4
Archaeomender,4
Enclave Cryptologist,4
Arcbound Worker,4
Emergent Sequence,4
Shrine of Burning Rage,4
Brainstone,4
Break Ties,4
Resolute Reinforcements,4
Shrapnel Blast,4
Hieroglyphic Illumination,4
Brineborn Cutthroat,4
Vivid Grove,4
Blood Fountain,4
Vivid Marsh,4
Vivid Meadow,4
Good-Fortune Unicorn,4
Step Through,4
Opulent Palace,4
Wayfarer's Bauble,4
Grateful Apparition,4
"Baird, Argivian Recruiter",4
Faithless Salvaging,4
Skirk Marauder,4
Faerie Conclave,4
Stonecloaker,4
Nishoba Brawler,4
Grizzly Fate,4
Start // Finish,4
Raven's Crime,4
Ornithopter,4
Beacon Bolt,4
Beetleback Chief,4
Ashnod's Harvester,4
Guardian Idol,4
Waker of Waves,4
"Raff, Weatherlight Stalwart",4
Strangleroot Geist,4
Strategic Planning,4
Gush,4
Gut Shot,4
"Vohar, Vodalian Desecrator",4
Ethereal Armor,4
Mystic Monastery,4
Vizier of Remedies,4
Vapor Snag,4
"Viconia, Drow Apostate",4
Serene Steward,4
Buried Ruin,4
Slip Out the Back,4
Cathodion,4
Merfolk Secretkeeper,4
Tail Swipe,4
Wonder,4
Quandrix Apprentice,4
Improbable Alliance,4
Witching Well,4
Putrid Goblin,4
Apostle's Blessing,4
Ancient Tomb,4
Rift Bolt,4
Drown in Ichor,4
Edge of Autumn,4
Illuminator Virtuoso,4
Rhythm of the Wild,4
Paradise Druid,4
Mask of Memory,4
Michiko's Reign of Truth,4
Militia Bugler,4
Tainted Indulgence,4
Midnight Haunting,4
Anger,4
Buried Alive,4
Sentinel's Eyes,4
Smell Fear,4
Gods Willing,3
Join the Dance,3
Defabricate,3
Song-Mad Treachery,3
Etherium Sculptor,3
Idyllic Beachfront,3
Strike It Rich,3
Dryad's Revival,3
Expunge,3
Fiend Hunter,3
Dryad Greenseeker,3
Sparksmith,3
Explore,3
Stream of Thought,3
Soaring Thought-Thief,3
Guild Globe,3
Goblin Wizardry,3
Street Wraith,3
Settle Beyond Reality,3
Expedition Map,3
Strangle,3
Dryad Arbor,3
Tangled Islet,3
Thirst for Discovery,3
Disciple of the Vault,3
Gryff's Boon,3
Ghost of Ramirez DePietro,3
Fell Stinger,3
Dragonspark Reactor,3
Stinkweed Imp,3
Grave Upheaval,3
Skull Prophet,3
Farmstead Gleaner,3
Dreams of Steel and Oil,3
Drown in the Loch,3
Skyblade's Boon,3
"Daxos, Blessed by the Sun",3
Scour All Possibilities,3
Fearless Fledgling,3
Dread Fugue,3
Jwari Disruption,3
Great Furnace,3
Greatsword of Tyr,3
Furyblade Vampire,3
Thoughtcast,3
Fellwar Stone,3
Jungle Shrine,3
Faith's Fetters,3
Fairgrounds Warden,3
Deathbonnet Sprout,3
Ingenious Infiltrator,3
"Syr Faren, the Hengehammer",3
Goldhound,3
Deceiver Exarch,3
Grinning Ignus,3
Jilt,3
Selesnya Charm,3
Soul Manipulation,3
Insolent Neonate,3
Sylvan Library,3
Flayer Husk,3
Shimmerdrift Vale,3
Invasion of Amonkhet,3
Shrine of Loyal Legions,3
Heir of Falkenrath,3
Hedron Crab,3
Dispeller's Capsule,3
Hedron Archive,3
Dissipate,3
Forgotten Cave,3
Gerrard's Verdict,3
Distortion Strike,3
Shepherd of the Flock,3
Terrarion,3
Geothermal Bog,3
Slice and Dice,3
Terminal Agony,3
Sunder the Gateway,3
Generous Visitor,3
High-Speed Hoverbike,3
Elsewhere Flask,3
Secluded Steppe,3
Diregraf Rebirth,3
Elspeth's Nightmare,3
Elspeth's Smite,3
Seat of the Synod,3
High Tide,3
Island,3
Seaside Citadel,3
Forest,3
Sunlit Marsh,3
Goblin Banneret,3
Elvish Mystic,3
Sunhome Stalwart,3
Flame Jab,3
Ensoul Artifact,3
Gemstone Mine,3
Foundry Helix,3
Generous Gift,3
Jackal Pup,3
Shambling Ghast,3
Sword Coast Serpent,3
The Modern Age,3
Jaspera Sentinel,3
Force Spike,3
Seal Away,3
Shadow Prophecy,3
Invigorate,3
Ichor Slick,3
"Halana, Kessig Ranger",3
Glassdust Hulk,3
Striped Riverwinder,3
Hypnotic Specter,3
Harm's Way,3
Enthusiastic Mechanaut,3
Tezzeret's Touch,3
Goblin Instigator,3
Seal of Primordium,3
Springbloom Druid,3
Environmental Sciences,3
Fire Prophecy,3
Haunted Mire,3
Sprouting Goblin,3
Hyena Umbra,3
Haunted Dead,3
Sharktocrab,3
Destroy Evil,3
Integrity // Intervention,3
Squirrel Nest,3
Seal from Existence,3
Heartfire,3
Predator's Howl,3
Thrashing Brontodon,3
Call the Bloodline,3
Unnatural Restoration,3
Radiant Grove,3
Untamed Kavu,3
Captured by Lagacs,3
Outland Liberator,3
Mayhem Patrol,3
Windfall,3
Capsize,3
Armorcraft Judge,3
Urban Evolution,3
Rigging Runner,3
Radiant's Judgment,3
Orzhov Pontiff,3
Ovalchase Daredevil,3
Arrogant Wurm,3
Radical Idea,3
Mentor of the Meek,3
"Raff Capashen, Ship's Mage",3
Orzhov Charm,3
Cabaretti Courtyard,3
Merfolk Branchwalker,3
Atraxa's Fall,3
Valorous Stance,3
Metallic Rebuke,3
Orcish Lumberjack,3
Whirlwind Denial,3
Ardenvale Tactician,3
Winds of Rebuke,3
Brushfire Elemental,3
Arcane Sanctum,3
Claim // Fame,3
Witch's Oven,3
"Maja, Bretagard Protector",3
Apprentice Necromancer,3
Chimeric Idol,3
Chatterstorm,3
Palladium Myr,3
Roast,3
Roaring Earth,3
Roar of the Wurm,3
Manglehorn,3
Underhanded Designs,3
Palace Jailer,3
Cartel Aristocrat,3
Chainweb Aracnir,3
Chainer's Edict,3
Marauding Dreadship,3
Cephalid Coliseum,3
Riveteers Overlook,3
Riveteers Charm,3
Archfiend of Sorrows,3
Quirion Ranger,3
Cauldron Familiar,3
Cathartic Reunion,3
Arcus Acolyte,3
Cartouche of Solidarity,3
Audacity,3
Rakdos Charm,3
Withered Wretch,3
Blastoderm,3
Body Double,3
Mycosynth Wellspring,3
Myr Enforcer,3
Ram Through,3
Blood Aspirant,3
Blisterpod,3
Vizier of Tumbling Sands,3
Reckless Rage,3
Mystical Tutor,3
Noose Constrictor,3
Reckless Bushwhacker,3
Nomad Outpost,3
Noise Marine,3
Vigor Mortis,3
Rampaging Monument,3
Volcanic Spite,3
"Narset, Parter of Veils",3
Bladehold War-Whip,3
Volt Charge,3
Blacksmith's Skill,3
Nature's Chant,3
Reality Shift,3
Ramunap Ruins,3
Ransack the Lab,3
Read the Bones,3
Nekrataal,3
Balduvian Atrocity,3
Mountain,3
Oona's Blackguard,3
Moan of the Unhallowed,3
Werebear,3
Miraculous Recovery,3
Mire's Grasp,3
Brimstone Volley,3
Vault of Whispers,3
Briarhorn,3
Mistvein Borderpost,3
Vendetta,3
Wear // Tear,3
Bramblewood Paragon,3
Azorius Charm,3
Repeal,3
Okiba Reckoner Raid,3
Scorn-Blade Berserker,3
Wavesifter,3
"Oji, the Exquisite Blade",3
Mogg Fanatic,3
Mogg Flunkies,3
Vesperlark,3
Botanical Brawler,3
Azra Oddsmaker,3
Waterfront Bouncer,3
Renegade Freighter,3
Molten Tributary,3
Moonsilver Key,3
Relic of Progenitus,3
Twisted Abomination,3
Benevolent Bodyguard,3
Peace Strider,3
Contagious Vorrac,3
"Tibalt, Rakish Instigator",3
Thwart the Grave,3
Plumb the Forbidden,3
Kiln Fiend,3
Tree of Tales,3
Alseid of Life's Bounty,3
"Trelasarra, Moon Dancer",3
Compulsion,3
Tribute Mage,3
Lightning Mauler,3
Phyrexian Missionary,3
"Lagrella, the Magpie",3
An Offer You Can't Refuse,3
Combat Thresher,3
Lim-Dûl's Vault,3
Savage Twister,3
Rotten Reunion,3
Coldsteel Heart,3
Llanowar Reborn,3
Play with Fire,3
Protect the Negotiators,3
Logic Knot,3
"Alharu, Solemn Ritualist",3
Sailors' Bane,3
Ainok Bond-Kin,3
Tortured Existence,3
Ainok Survivalist,3
Plains,3
Xerex Strobe-Knight,3
Krosan Tusker,3
Late to Dinner,3
Prizefight,3
Plated Geopede,3
Corpse Appraiser,3
Titanoth Rex,3
Crop Rotation,3
Tragic Fall,3
Sacred Peaks,3
Copper Myr,3
Tranquil Cove,3
Pillory of the Sleepless,3
Contaminated Aquifer,3
Loam Lion,3
Psychomancer,3
Abzan Charm,3
Pentad Prism,3
Wood Elves,3
Wooded Ridgeline,3
Lone Rider,3
Peregrine Drake,3
Putrefy,3
"Kasmina, Enigmatic Mentor",3
Rootcoil Creeper,3
Ancient Den,3
Kappa Tech-Wrecker,3
A Little Chat,3
Wolfir Avenger,3
Power Depot,3
Turnabout,3
Trygon Predator,3
Cloudfin Raptor,3
Kami of Whispered Hopes,3
Pollenbright Druid,3
Roil Eruption,3
Zealous Persecution,3
Dance of the Dead,3
Power Word Kill,2
Graveblade Marauder,2
Network Disruptor,2
Soul Sear,2
Rakish Revelers,2
Plaxcaster Frogling,2
Graveshifter,2
Skeleton Shard,2
Pristine Talisman,2
Grisly Sigil,2
Night Market Lookout,2
Night Clubber,2
Grasp of Darkness,2
Nightscape Familiar,2
Snowfield Sinkhole,2
Ninth Bridge Patrol,2
Sinister Sabotage,2
Ral's Outburst,2
Grasslands,2
Soul Snare,2
Planar Incision,2
Probe,2
Norn's Inquisitor,2
Gray Merchant of Asphodel,2
Nivix Cyclops,2
Grinding Station,2
Galvanic Relay,2
Notion Rain,2
Skinthinner,2
Ramosian Sergeant,2
Poison-Tip Archer,2
Poison the Cup,2
Skirk Prospector,2
Pongify,2
Galloping Lizrog,2
Skirk Ridge Exhumer,2
Gaea's Might,2
Gaea's Gift,2
Sonic Assault,2
Oakhame Adversary,2
Priest of Titania,2
Ob Nixilis's Cruelty,2
Pointed Discussion,2
Gremlin Mine,2
Gateway Plaza,2
Obliterating Bolt,2
Plundering Barbarian,2
Obscura Storefront,2
Obsessive Skinner,2
Ochran Assassin,2
Skittering Surveyor,2
Great Oak Guardian,2
Sokenzan Smelter,2
Odric's Outrider,2
Prey's Vengeance,2
Grapeshot,2
Prophetic Titan,2
Plaguecrafter,2
Nettle Drone,2
Gird for Battle,2
Pest Summoning,2
Smiting Helix,2
Goblin Blast-Runner,2
Pacification Array,2
Gift of Fangs,2
Goblin Bushwhacker,2
Quirion Dryad,2
Ghoulish Procession,2
Goblin Heelcutter,2
Overrun,2
Overgrowth,2
Pestilence,2
Gideon's Lawkeeper,2
Pulse of Murasa,2
Smuggler Captain,2
Pack Guardian,2
Quench,2
Slaying Fire,2
Go for Blood,2
Gloomshrieker,2
Peek,2
Glowspore Shaman,2
Patrol Hound,2
Patch Up,2
"Slimefoot, the Stowaway",2
Parting Thoughts,2
Pegasus Stampede,2
Quakefoot Cyclops,2
Gnaw to the Bone,2
Paranoid Delusions,2
Queen Allenal of Ruadach,2
Glamorous Outlaw,2
Sly Requisitioner,2
Glacial Floodplain,2
Goblin Lackey,2
Phantom Nomad,2
Professor of Symbology,2
Sky Hussar,2
Raiders' Wake,2
Golgari Charm,2
Snooping Newsie,2
Golgari Germination,2
Glint Hawk Idol,2
Rakdos Headliner,2
Golgari Thug,2
Once and Future,2
Goblin Legionnaire,2
Piston Sledge,2
On Serra's Wings,2
Pitiless Plunderer,2
Skullcrack,2
Plague Spitter,2
Graceful Restoration,2
Omen of the Sea,2
Raiders' Karve,2
Raid Bombardment,2
Golden Egg,2
Skyclave Shadowcat,2
Otherworldly Journey,2
Goblin Ringleader,2
Otherworldly Gaze,2
Goblin Sledder,2
Skyknight Legionnaire,2
Phyrexian Reclamation,2
Ghost Quarter,2
Phyrexian War Beast,2
Goblin Warchief,2
Ghitu Slinger,2
Orzhov Enforcer,2
Pierce Strider,2
Order of Midnight,2
Gold Myr,2
Psionic Blast,2
Quicksand,2
Sign in Blood,2
Sin Collector,2
Rooting Moloch,2
Rona's Vortex,2
Loxodon Warhammer,2
Introduction to Annihilation,2
Lotus Petal,2
Introduction to Prophecy,2
"Loran, Disciple of History",2
Invasion of Azgol,2
Invasion of Eldraine,2
Seed Guardian,2
Lookout's Dispersal,2
Invasion of Zendikar,2
Lyev Skyknight,2
Lonely Sandbar,2
Secluded Courtyard,2
"Livaan, Cultist of Tiamat",2
Season of Renewal,2
Involuntary Cooldown,2
Rotting Rats,2
Iron Myr,2
Liliana's Devotee,2
Rugged Highlands,2
Lightning Spear,2
Seething Song,2
Seismic Wave,2
Mardu Charm,2
"Malcolm, Keen-Eyed Navigator",2
Impounding Lot-Bot,2
Map the Wastes,2
Incendiary Flow,2
Manor Gate,2
Manifold Key,2
Incorrigible Youths,2
Road // Ruin,2
Selesnya Evangel,2
Malevolent Noble,2
Malefic Scythe,2
Inkling Summoning,2
Macabre Mockery,2
Rob the Archives,2
"Mahadi, Emporium Master",2
"Rocco, Cabaretti Caterer",2
Inspired Tinkering,2
Magic Missile,2
Seize the Spoils,2
Rocky Tar Pit,2
Maestros Theater,2
"Rograkh, Son of Rohgahh",2
Macabre Waltz,2
Lightning Berserker,2
Light the Way,2
Light 'Em Up,2
Scalding Cauldron,2
Judge's Familiar,2
Juggernaut,2
Jund Charm,2
Savage Smash,2
Savage Stomp,2
Scrapwork Cohort,2
Jungle Barrier,2
Jungle Hollow,2
Kessig Malcontents,2
"Keskit, the Flesh Sculptor",2
Keldon Champion,2
Life of Toshiro Umezawa,2
Scattered Thoughts,2
Juniper Order Ranger,2
Kazuul's Fury,2
Scout the Wilderness,2
Kaya's Ghostform,2
Scoured Barrens,2
Karakas,2
Kami's Flare,2
Justice Strike,2
Scorched Rusalka,2
Kitchen Imp,2
Sarinth Steelseeker,2
Knight of Dusk's Shadow,2
Sanctum Gargoyle,2
"Rulik Mons, Warren Chief",2
Leonin Relic-Warder,2
Lens Flare,2
Seal of Doom,2
Leaden Myr,2
Lazotep Plating,2
Lawmage's Binding,2
Izzet Staticaster,2
Saddled Rimestag,2
Safehold Elite,2
Sage's Dousing,2
Lash of Malice,2
Jeskai Charm,2
Sea Gate,2
Jetting Glasskite,2
Lampad of Death's Vigil,2
Laboratory Maniac,2
Krosan Grip,2
Kraul Harpooner,2
Korozda Guildmage,2
Samite Herbalist,2
Imperious Perfect,2
River Hoopoe,2
Guardian of the Guildpact,2
Moldervine Cloak,2
Murderous Compulsion,2
Hateful Eidolon,2
Munitions Expert,2
Mulch,2
Refurbish,2
Mountain Valley,2
Silhana Ledgewalker,2
Remove Soul,2
Render Inert,2
Renegade Map,2
Renegade Reaper,2
Reckoner's Bargain,2
Mogis's Favor,2
Hell Mongrel,2
Mogg Conscripts,2
Heritage Druid,2
Hero of the Dunes,2
Mockery of Nature,2
Shrieking Affliction,2
Shriekhorn,2
Shredded Sails,2
Shrapnel Slinger,2
Silver Myr,2
Myr Scrapling,2
Mark of Eviction,2
Narnam Renegade,2
Nest Invader,2
Neoform,2
Guiding Voice,2
Necropede,2
Necrogen Spellbomb,2
Guildless Commons,2
Nearby Planet,2
Nature's Lore,2
Naturalize,2
Rebel Salvo,2
Nantuko Vigilante,2
Hapless Researcher,2
Nameless Inversion,2
"Nadier, Agent of the Duskenel",2
Gyre Engineer,2
Hackrobat,2
Mystic Redaction,2
Mystic Genesis,2
Reckless Wurm,2
Silverflame Squire,2
Hangar Scrounger,2
Myriad Landscape,2
"Mishra, Excavation Prodigy",2
Restoration Gearsmith,2
Mirrodin's Core,2
Ichor Shade,2
Memory Leak,2
Hypnotic Grifter,2
Memorial to Glory,2
Hypnotic Sprite,2
Shambling Suit,2
Ice Tunnel,2
Icehide Golem,2
Mech Hangar,2
Rimewood Falls,2
"Ich-Tekik, Salvage Splicer",2
Rise from the Tides,2
Highland Forest,2
Master Splicer,2
Ifnir Deadlands,2
Igneous Inspiration,2
Risen Reef,2
Masked Bandits,2
Mask of the Jadecrafter,2
Servo Exhibition,2
Martyr of Dusk,2
Impede Momentum,2
Marsh Flitter,2
Shard Volley,2
Shardless Agent,2
Hunted Witness,2
Mer-Ek Nightblade,2
Minor Misstep,2
Restoration Specialist,2
Minimus Containment,2
Hijack,2
Hissing Iguanar,2
Shore Up,2
Mine Collapse,2
Mind Control,2
Shivan Fire,2
Homestead Courage,2
Retreat to Hagra,2
Micromancer,2
Merfolk Skydiver,2
Riddleform,2
Riddlesmith,2
Horror of the Broken Lands,2
Hound Tamer,2
Ride Down,2
Hulking Metamorph,2
Shattered Seraph,2
Hunt for Specimens,2
Fungal Rebirth,2
Zuran Orb,2
Footlight Fiend,2
Blast of Genius,2
Vital Splicer,2
Bloodline Pretender,2
Bloodfell Caves,2
Blood for Bones,2
Take Up the Shield,2
Vizkopa Confessor,2
Blessed Alliance,2
Dreg Mangler,2
Volatile Fjord,2
Blaze Commando,2
Syndic of Tithes,2
Blanchwood Prowler,2
Citadel Gate,2
Black Dragon Gate,2
Bituminous Blast,2
Voltaic Brawler,2
Druid Class,2
Sylvan Reclamation,2
Durable Handicraft,2
Dusk Legion Dreadnought,2
Dusk Legion Zealot,2
Duskshell Crawler,2
Big Score,2
Swooping Lookout,2
Visionary Augmenter,2
Bloodthrone Vampire,2
Dragon Hunter,2
Talrand's Invocation,2
Diabolic Edict,2
Bone Saw,2
Temur Sabertooth,2
Dinrova Horror,2
Bomat Bazaar Barge,2
Bolrac-Clan Crusher,2
Diregraf Captain,2
Disdainful Stroke,2
Vilespawn Spider,2
Dismal Backwater,2
Violent Eruption,2
Dismiss,2
Disowned Ancestor,2
Dispatch,2
Distinguished Conjurer,2
Teferi's Time Twist,2
Divide by Zero,2
Board the Weatherlight,2
Dovin's Acuity,2
"Dovin, Hand of Control",2
Blossoming Sands,2
Tangled Florahedron,2
Bloodwater Entity,2
Swiftwater Cliffs,2
Swiftfoot Boots,2
Expand the Sphere,2
Epochrasite,2
Embolden,2
Emerge Unscathed,2
Emergency Weld,2
Baloth Null,2
Baloth Cage Trap,2
Energy Chamber,2
Bad River,2
Enlightened Tutor,2
Sulfurous Mire,2
Weaponcraft Enthusiast,2
Sudden Breakthrough,2
Wee Dragonauts,2
Swift Warkite,2
Su-Chi,2
Escape Velocity,2
Esper Charm,2
Welding Jar,2
Study Break,2
Aven Eternal,2
Essence Scatter,2
Whipcorder,2
Whipflare,2
Auramancer,2
Streetwise Negotiator,2
Banishing Light,2
Elvish Visionary,2
Sunhome Guildmage,2
Sunlance,2
Eccentric Farmer,2
Ecologist's Terrarium,2
Beloved Chaplain,2
Swamp,2
Behold the Unspeakable,2
Behold the Multiverse,2
Suture Priest,2
Bear's Companion,2
Surgical Skullbomb,2
Eldrazi Skyspawner,2
War-Name Aspirant,2
Basri's Solidarity,2
Elemental Summoning,2
Elephant Guide,2
Elite Guardmage,2
Elixir of Immortality,2
Warden of the Eye,2
Barren Moor,2
Barkhide Troll,2
Barbed Batterfist,2
Elusive Spellfist,2
Barbarian Ring,2
Sunscape Familiar,2
Victim of Night,2
Tezzeret's Gambit,2
Destiny Spinner,2
Consulate Dreadnought,2
Castigate,2
Compelling Argument,2
Complicate,2
Unlucky Witness,2
Conclave Cavalier,2
Conclave Naturalists,2
Treefolk Harbinger,2
Treasured Find,2
Consecrate // Consume,2
Treasure Keeper,2
Consul's Lieutenant,2
Trash for Treasure,2
Bookwurm,2
Captain Ripley Vance,2
Unwind,2
Candletrap,2
Call the Scions,2
Trail of Evidence,2
Call of the Death-Dweller,2
Tracker's Instincts,2
Corpse Knight,2
Cage of Hands,2
"Cadira, Caller of the Small",2
Cacophony Scamp,2
Trinket Mage,2
Trip Noose,2
Cauldron Dance,2
Cave of Temptation,2
"Tymaret, Chosen from Death",2
Uktabi Orangutan,2
Ulamog's Crusher,2
Choking Miasma,2
Clay Golem,2
Umara Wizard,2
Unbounded Potential,2
Cliffgate,2
Tuskguard Captain,2
Chemister's Insight,2
Undead Augur,2
Turn the Earth,2
Changeling Outcast,2
Cloudgoat Ranger,2
Changeling Berserker,2
Tumble Magnet,2
Chandra's Pyrohelix,2
Trumpeting Herd,2
Unflinching Courage,2
Collective Nightmare,2
Collision // Colossus,2
Celestial Regulator,2
Celestial Crusader,2
Countervailing Winds,2
Cabal Initiate,2
Valiant Rescuer,2
Three Visits,2
Dawnbringer Cleric,2
Boseiju Reaches Skyward,2
Deadeye Quartermaster,2
Thoughtflare,2
Thornwood Falls,2
Thornscape Battlemage,2
Thornado,2
Thopter Mechanic,2
Thopter Foundry,2
Vessel of Nascency,2
Deem Worthy,2
Veteran Motorist,2
Defiant Strike,2
Defile,2
Thieving Magpie,2
Demolition Field,2
Boros Guildmage,2
Boros Challenger,2
Depose // Deploy,2
Deputy of Acquittals,2
Vicious Offering,2
Boon of the Wish-Giver,2
Boomerang,2
Bound in Gold,2
Darksteel Mutation,2
Crackling Drake,2
Darksteel Citadel,2
Burning Vengeance,2
Cranial Archive,2
Crashing Drawbridge,2
"Toggo, Goblin Weaponsmith",2
Vampire Lacerator,2
Tinder Wall,2
Bubble Snare,2
Crypt Rats,2
Cryptic Caves,2
Vanish into Memory,2
Cunning Sparkmage,2
Brokers Hideout,2
Thundersong Trumpeter,2
Broken Wings,2
Broken Bond,2
Curse of Shallow Graves,2
Briber's Purse,2
"Breeches, Brazen Plunderer",2
Breath of Life,2
Thunderclap,2
"Dargo, the Shipwrecker",2
Veinfire Borderpost,2
Daring Piracy,2
Evasive Action,2
Walk the Plank,2
Expanded Anatomy,2
Firebrand Archer,2
Angler Drake,2
Standstill,2
Stalwart Valkyrie,2
Fight as One,2
Witness Protection,2
Angelic Purge,2
Wizard's Lightning,2
Fire Imp,2
Wolfwillow Haven,2
Ancient Ziggurat,2
Worldly Tutor,2
Ancestral Mask,2
Spreading Seas,2
Woodland Champion,2
Fires of Victory,2
Fireslinger,2
Woodland Chasm,2
Amrou Scout,2
Amethyst Dragon,2
Fists of Flame,2
"Angrath, Captain of Chaos",2
Festering Goblin,2
Annex Sentry,2
Feign Death,2
Arcum's Astrolabe,2
Fallaji Archaeologist,2
Arctic Treeline,2
Wing Splicer,2
Winter Eladrin,2
Arcbound Whelp,2
Stern Scolding,2
Arcbound Stinger,2
Farm // Market,2
Arcbound Slasher,2
Steppe Lynx,2
Steel Sabotage,2
Favored Hoplite,2
Winterthorn Blessing,2
Arboreal Grazer,2
Feast of Sanity,2
Feat of Resistance,2
Stave Off,2
Witch's Cauldron,2
Spitebellows,2
Ambuscade,2
Falkenrath Noble,2
Frilled Mystic,2
Young Wolf,2
"Zada, Hedron Grinder",2
Act of Aggression,2
Zameck Guildmage,2
Foundry Street Denizen,2
Acquisitions Expert,2
Fractal Summoning,2
Fracture,2
Spawning Pit,2
Access Tunnel,2
Ambition's Cost,2
Frogtosser Banneret,2
Abzan Battle Priest,2
Zephyr Sentinel,2
Zhur-Taa Druid,2
Frost Trickster,2
Spare Supplies,2
Spara's Adjudicators,2
Zombify,2
Funeral Longboat,2
You're Confronted by Robbers,2
You See a Pair of Goblins,2
Spellgorger Weird,2
Forbid,2
Flameblade Adept,2
Flamekin Harbinger,2
Alpine Meadow,2
Wrench Mind,2
Flay Essence,2
Akoum Hellhound,2
Fling,2
Flinthoof Boar,2
Flood Plain,2
Ajani's Pridemate,2
Spider Umbra,2
Sphinx's Insight,2
Yotia Declares War,2
Flowstone Infusion,2
Sphere of the Suns,2
Yotian Dissident,2
Aethersnipe,2
You Find the Villains' Lair,2
Prayer of Binding,2
Ardent Elementalist,2
Ancient Excavation,2
Faithful Mending,2
Arms of Hadar,2
Armory of Iroas,2
Faerie Seer,2
Wind-Scarred Crag,2
Willbender,2
Artisan of Kozilek,2
Explosive Entry,2
Strafe,2
Argivian Restoration,2
Eyetwitch,2
Stormclaw Rager,2
Experimental Augury,2
Windrider Wizard,2
Atog,2
Stormblood Berserker,2
Windcaller Aven,2
Fading Hope,2
Stormchaser Mage,2
Faceless Butcher,2
Exuberant Fuseling,2
Eye Collector,2
Stormchaser Drake,2
Return to the Earth,1
Rewind,1
Rhonas's Monument,1
Rhizome Lurcher,1
Revitalize,1
Revive the Shire,1
Vampire Aristocrat,1
Revelation of Power,1
Vampire Hexmage,1
Vampire Nighthawk,1
Promise of Bunrei,1
Revenge of the Drowned,1
Ranging Raptors,1
Rhox Veteran,1
Weapon Surge,1
"Valduk, Keeper of the Flame",1
"Urza, Powerstone Prodigy",1
Utopia Mycon,1
Rift Sower,1
Rakdos Locket,1
Weather the Storm,1
Prodigy's Prototype,1
"Uurg, Spawn of Turg",1
Rage Forger,1
Rakdos Roustabout,1
Rakish Heir,1
Valiant Changeling,1
Rafter Demon,1
Yavimaya Iconoclast,1
Valley Rannet,1
Ribbons of Night,1
Wild Hunger,1
Vampire Revenant,1
Yavimaya Enchantress,1
Vampire Outcasts,1
Return Upon the Tide,1
Promised Kannushi,1
Wu Longbowman,1
Wrenn's Resolve,1
Vector Asp,1
Vedalken Aethermage,1
Rakshasa Gravecaller,1
Vedalken Certarch,1
Vedalken Engineer,1
Rescuer Sphinx,1
Prosperous Thief,1
Vedalken Infuser,1
Rescuer Chwinga,1
Wren's Run Vanquisher,1
Rescue from the Underworld,1
Vedalken Outlander,1
Wrecking Ball,1
Repopulate,1
Repentance,1
"Vega, the Watcher",1
Veil of Assimilation,1
Wreak Havoc,1
Vengeant Earth,1
Vengeful Reaper,1
Vat Emergence,1
Vastwood Surge,1
Wavecrash Triton,1
Vanguard of Brimaz,1
Return to Dust,1
Urza's Hot Tub,1
Retreat to Valakut,1
Retreat to Kazandu,1
Wild Magic Surge,1
Vampire Socialite,1
Weakstone's Subjugation,1
Vampire Sovereign,1
Retreat to Emeria,1
Vanish into Eternity,1
Prosperous Pirates,1
Prophet of Distortion,1
Writhing Necromass,1
Vanquish the Weak,1
Retreat to Coralhelm,1
Restrain,1
Wayward Servant,1
Wretched Camel,1
Vastwood Fortification,1
Wretched Anurid,1
Urza's Rebuff,1
Rimewind Taskmage,1
Weldfast Engineer,1
Riveteers Requisitioner,1
Wickerbough Elder,1
Priest of Gix,1
Zephyr Boots,1
Zendikar's Roil,1
Undying Malice,1
Unearthly Blizzard,1
Rix Maadi Guildmage,1
Unexpected Potential,1
Priest of Urabrask,1
Roadside Reliquary,1
Unexpected Windfall,1
Unexplained Disappearance,1
Ragemonger,1
Riverwise Augur,1
River Serpent,1
Unfriendly Fire,1
River Boa,1
Ritual of Restoration,1
Whiplash Trap,1
Roar of Challenge,1
Priest of the Haunted Edge,1
Unbender Tine,1
Wicked Slumber,1
Zulaport Duelist,1
Rain of Revelation,1
Ulrich's Kindred,1
Zombie Infestation,1
Press into Service,1
Whispers of the Muse,1
Umbral Mantle,1
Zhur-Taa Goblin,1
Undercity Uprising,1
Price of Betrayal,1
Uncharted Haven,1
Unclaimed Territory,1
Raised by Wolves,1
Undead Gladiator,1
Undead Warchief,1
Undercity Informer,1
Whisper of the Dross,1
Universal Automaton,1
Wild Cantor,1
You Hear Something on Watch,1
Unstoppable Ogre,1
Youthful Knight,1
Welding Sparks,1
Unravel the Aether,1
Rise // Fall,1
Riptide Survivor,1
Unseal the Necropolis,1
Ring of Valkas,1
Prison Realm,1
Young Blue Dragon,1
Rageform,1
Unwilling Ingredient,1
Rakdos Ickspitter,1
Urban Daggertooth,1
Worm Harvest,1
Rime Transfusion,1
Rime Tender,1
Urgent Exorcism,1
Urza's Factory,1
Youthful Valkyrie,1
Rise of Extus,1
"Zar Ojanen, Scion of Efrava",1
Prince Imrahil the Fair,1
Rith's Grove,1
Rites of Reaping,1
Rakdos Cluestone,1
Rites of Initiation,1
Primal Growth,1
Rakdos Firewheeler,1
Unknown Shores,1
Unlicensed Disintegration,1
Whip Silk,1
Zagoth Crystal,1
Zap,1
Rakdos Guildgate,1
Rising Miasma,1
Rakdos Guildmage,1
Unmake,1
Rise of the Ants,1
Prismari Campus,1
Unquenchable Thirst,1
Renewed Faith,1
Wild Shape,1
Renegade's Getaway,1
Vizkopa Vampire,1
Reckless Racer,1
Vodalian Soldiers,1
Voice of All,1
Wirewood Symbiote,1
Quandrix Pledgemage,1
Void Attendant,1
Wirewood Hivemaster,1
Wirewood Herald,1
Volcanic Hammer,1
Rebuild,1
Warden of the Woods,1
Reborn Hope,1
Queen of Ice,1
Volcanic Torrent,1
Voltage Surge,1
"Rebbec, Architect of Ascension",1
Warden of the Wall,1
Voltaic Key,1
Reaper's Talisman,1
Voda Sea Scavenger,1
Vizkopa Guildmage,1
Psionic Snoop,1
Wistful Selkie,1
Recoil,1
Viridian Shaman,1
Virus Beetle,1
Viscera Dragger,1
Wind Sail,1
Witherbloom Pledgemage,1
Pyrohemia,1
Reclusive Taxidermist,1
Pyrophobia,1
Rampaging Hippo,1
Qarsi Deceiver,1
Reclaim the Wastes,1
Witherbloom Campus,1
Witherbloom Apprentice,1
Withdraw,1
Witch's Cottage,1
Warfire Javelineer,1
Vitu-Ghazi Guildmage,1
Reckoner Shakedown,1
Voracious Cobra,1
Vortex Elemental,1
Queen's Bay Soldier,1
Realmbreaker's Grasp,1
War-Wing Siren,1
Wing Shards,1
Ramroller,1
Razor Golem,1
Qumulox,1
"Radha, Heir to Keld",1
Ravenous Skirge,1
Ravenous Rats,1
Wall of Denial,1
Wall of Tanglecord,1
War Tax,1
Wander in Death,1
Wanderer's Strike,1
Ravenous Bloodseeker,1
Wanderer's Twig,1
Wanted Scoundrels,1
Raven Familiar,1
Raugrin Crystal,1
"Radha, Coalition Warlord",1
Walking Wall,1
Walking Skyscraper,1
Walking Bulwark,1
Vryn Wingmare,1
Voyage's End,1
Reality Heist,1
Voyaging Satyr,1
Radiant's Dragoons,1
Warchanter Skald,1
Quick-Draw Dagger,1
"Vraska, Swarm's Eminence",1
Quickling,1
Read the Tides,1
Wingbeat Warrior,1
Vulshok Morningstar,1
Winds of Qal Sisma,1
Warbriar Blessing,1
Walker of the Grove,1
Wingmantle Chaplain,1
Reach of Branches,1
Quiet Speculation,1
Walker of the Wastes,1
Pyroceratops,1
"Wilson, Refined Grizzly",1
Viridian Revel,1
Woodland Changeling,1
Woodwraith Strangler,1
Rally for the Throne,1
Puncture Blast,1
Punishing Fire,1
Veteran Soldier,1
Pure // Simple,1
"Renari, Merchant of Marvels",1
Vexing Gull,1
Vexing Scuttler,1
Puresight Merrow,1
Purge the Profane,1
Vial of Dragonfire,1
Viashino Firstblade,1
Warren Weirding,1
Remote Isle,1
Remember the Fallen,1
Viashino Sandsprinter,1
Rally the Righteous,1
Reliquary Tower,1
Pugnacious Pugilist,1
Vessel of Volatility,1
Wash Away,1
Watchwolf,1
Venom Connoisseur,1
Venomous Changeling,1
Waterfront District,1
War Barge,1
Venomspout Brackus,1
Renegade Wheelsmith,1
Vessel of Endless Rest,1
Wild Slash,1
Vessel of Ephemera,1
Woolly Thoctar,1
Worldsoul Colossus,1
Ral's Reinforcements,1
Vessel of Malignity,1
Renegade Rallier,1
Psychic Drain,1
Rally at the Hornburg,1
Wildfield Borderpost,1
Psychic Strike,1
Relief Captain,1
Warren Pilferers,1
Viridian Corrupter,1
Warping Wail,1
Vile Entomber,1
Referee Squad,1
Pyre Hound,1
Reef Pirates,1
Reduce to Memory,1
Reduce // Rubble,1
Redcap Raiders,1
Redcap Heelslasher,1
Wizard's Retort,1
Vile Manifestation,1
Pyreheart Wolf,1
Village Messenger,1
Warlock Class,1
Ramirez DePietro,1
"Ramirez DePietro, Pillager",1
Ramosian Captain,1
Ramosian Lieutenant,1
Recover,1
Warleader's Helix,1
Putrid Leech,1
Vile Aggregate,1
Wojek Halberdiers,1
Relic Amulet,1
Relic of Legends,1
Relic Golem,1
Wildwood Escort,1
Relic Barrier,1
Raiders' Spoils,1
Relic Axe,1
Warped Physique,1
Wildwood Scourge,1
Will of the All-Hunter,1
Vigean Intuition,1
Relentless Pursuit,1
Release the Dogs,1
Reject Imperfection,1
Reins of the Vinesteed,1
Vigean Graftmage,1
Wolf-Skull Shaman,1
Vigean Hydropon,1
Regicide,1
Tyvar's Stand,1
Soul's Attendant,1
Tyrant's Scorn,1
Student of Ojutai,1
Street Urchin,1
Streetbreaker Wurm,1
Strength from the Fallen,1
Strength in Numbers,1
Simic Charm,1
Simian Spirit Guide,1
Stromkirk Bloodthief,1
Simian Sling,1
Struggle // Survive,1
Simian Grunts,1
Silversmote Ghoul,1
Silvergill Adept,1
Struggle for Skemfar,1
Stuffed Bear,1
Simic Cluestone,1
Silver-Inlaid Dagger,1
Silver-Fur Master,1
Submerged Boneyard,1
Silver Bolt,1
Subtle Strike,1
Silundi Vision,1
Silkwrap,1
Suffocating Fumes,1
Suit Up,1
Silent Departure,1
Sultai Charm,1
Sigiled Sentinel,1
Sigardian Paladin,1
Stream of Unconsciousness,1
Simic Guildgate,1
Skophos Reaver,1
Skeletal Changeling,1
Skittish Kavu,1
Stitch Together,1
Skittering Skirge,1
Stoic Rebuttal,1
Stonebinder's Familiar,1
Skirk Drill Sergeant,1
Skirk Commando,1
Skilled Animator,1
Stonework Packbeast,1
Skewer the Critics,1
Stonybrook Banneret,1
Storm Fleet Pyromancer,1
Skeletal Scrying,1
Storm Fleet Sprinter,1
Simic Guildmage,1
Skatewing Spy,1
Skarrgan Skybreaker,1
Skarrg Guildmage,1
Skaab Wrangler,1
Sizzle,1
Storm-Kiln Artist,1
"Sivriss, Nightmare Speaker",1
Siren of the Fanged Coast,1
Siren Stormtamer,1
"Siona, Captain of the Pyleas",1
Stormfront Pegasus,1
Simic Locket,1
Strands of Night,1
Sultai Emissary,1
Sifter Wurm,1
Siege Zombie,1
Shefet Monitor,1
Shipwreck Looter,1
Suq'Ata Lancer,1
Surge Node,1
Shimmer Myr,1
Shield Sphere,1
Shepherd of the Cosmos,1
Surrounded by Orcs,1
Shepherd of Heroes,1
Survival Cache,1
Survivors' Encampment,1
Shenanigans,1
Sheltering Light,1
Suspension Field,1
Sustenance,1
Siege Modification,1
Shefet Dunes,1
Sheer Drop,1
Swaggering Corsair,1
Swallow Whole,1
Shatter,1
Shared Discovery,1
Swarm Guildmage,1
Swathcutter Giant,1
Swelter,1
Swift Response,1
"Shanna, Sisay's Legacy",1
Shambling Shell,1
Shambling Goblin,1
Shipwreck Singer,1
Shire Terrace,1
Supply // Demand,1
Supernatural Stamina,1
Sidewinder Naga,1
Sultai Soothsayer,1
Sumala Woodshaper,1
Side Quest,1
Summary Judgment,1
Summer Bloom,1
Summoner's Bond,1
Sibling Rivalry,1
Sun Droplet,1
Sunbathing Rootwalla,1
Shrill Howler,1
Sunblade Elf,1
Sunder Shaman,1
Sundering Growth,1
Shrewd Negotiation,1
Shreds of Sanity,1
Sungrass Egg,1
Sunhome Enforcer,1
Sunrise Cavalier,1
Showstopper,1
Shower of Coals,1
Sunscorched Desert,1
Sunset Pyramid,1
Show of Confidence,1
Suntail Hawk,1
Short Circuit,1
Shoreline Ranger,1
Stir the Sands,1
Stinkdrinker Bandit,1
Shadowblood Egg,1
Spiketail Hatchling,1
Snare Tactician,1
Snapback,1
Spellkeeper Weird,1
Spellweaver Eternal,1
Sphinx of New Prahv,1
Sphinx of the Guildpact,1
Sphinx's Tutelage,1
Smoldering Crater,1
Smokebraider,1
Smite the Monstrous,1
Smelt-Ward Minotaur,1
Spike Feeder,1
Spikeshot Goblin,1
Smallpox,1
Spell Shrivel,1
Spined Thopter,1
"Slurrk, All-Ingesting",1
Spinning Wheel Kick,1
Spire Golem,1
Spireside Infiltrator,1
Sluiceway Scorpion,1
Slitherhead,1
Spirit Cairn,1
Slith Ascendant,1
Slippery Karst,1
Slippery Bogle,1
Spirit Link,1
Spirit Mantle,1
Snare Thopter,1
Spell Rupture,1
Stingscourger,1
Solitary Camel,1
Soulknife Spy,1
Souls of the Faultless,1
Space Marine Scout,1
Soul Exchange,1
Spare from Evil,1
Songs of the Damned,1
Spark Harvest,1
Spark Reaper,1
Sparkspitter,1
Soltari Trooper,1
Soltari Priest,1
Soltari Monk,1
Soltari Foot Soldier,1
Solidarity of Heroes,1
Snow-Covered Forest,1
Sol Ring,1
Species Gorger,1
Soaring Seacliff,1
Snowhorn Rider,1
Spectral Bears,1
Snow-Covered Swamp,1
Spectral Steel,1
Spectrum Sentinel,1
Snow-Covered Plains,1
Speedway Fanatic,1
Spell Crumple,1
Snow-Covered Mountain,1
Snow-Covered Island,1
Spirit Summoning,1
Slimebind,1
Spirit of the Aldergard,1
Sky Terror,1
Start from Scratch,1
Stasis Cocoon,1
Stasis Field,1
Skyclave Sentinel,1
Stasis Snare,1
Status // Statue,1
Skyclave Plunder,1
Skyclave Geopede,1
Skyclave Cleric,1
Skyblade of the Legion,1
Sky Tether,1
Steady Progress,1
Stealth Mission,1
Steel Dromedary,1
Spite // Malice,1
Sky Diamond,1
Skullport Merchant,1
Sterling Grove,1
Stern Lesson,1
Stern Mentor,1
Skull Rend,1
Skull Raid,1
Steward of Solidarity,1
Steward of Valeron,1
Skulduggery,1
Stimulus Package,1
Stinging Barrier,1
Skred,1
Start Your Engines,1
Starnheim Courser,1
Skycloud Egg,1
Starlit Sanctum,1
Sleeper Dart,1
Spiteful Squad,1
Spitfire Handler,1
Sleep,1
Sleek Schooner,1
Splatter Goblin,1
Slayer of the Wicked,1
Slave of Bolas,1
Slaughter the Strong,1
Splatter Thug,1
Splicer's Skill,1
Spoils of Adventure,1
Spontaneous Mutation,1
Spread the Sickness,1
Slab Hammer,1
Skywise Teachings,1
Spring // Mind,1
Skywhaler's Shot,1
Sprouting Thrinax,1
Skyship Plunderer,1
Skyscanner,1
Skymark Roc,1
Sprouting Vines,1
Squirrel Sanctuary,1
Skymarch Bloodletter,1
Staggering Insight,1
Skyknight Vanguard,1
Shambleshark,1
Sword Coast Sailor,1
Two-Handed Axe,1
Tormod's Crypt,1
Tivadar's Crusade,1
Salvager of Secrets,1
"Tobias, Doomed Conqueror",1
Salvaged Manaworker,1
Tocasia's Dig Site,1
Salvage Drone,1
Saltcrusted Steppe,1
Sakura-Tribe Scout,1
Toll of the Invasion,1
Tomakul Scrapsmith,1
Topaz Dragon,1
Topple the Statue,1
Topplegeist,1
Sailor of Means,1
Titan's Strength,1
Saiba Cryptomancer,1
Touch of the Void,1
Sage's Reverie,1
Touchstone,1
Towashi Guide-Bot,1
Towering-Wave Mystic,1
Sage of Fables,1
Toy Boat,1
Tragic Lesson,1
Traitor's Clutch,1
Soul's Fire,1
Transguild Courier,1
Sacred Fire,1
Titanic Brawl,1
Sanctum Plowbeast,1
Sawblade Scamp,1
Tidal Wave,1
Thundering Djinn,1
Thundering Rebuke,1
Savai Crystal,1
Thundering Tanadon,1
Savage Swipe,1
Thunderous Orator,1
Thunderous Wrath,1
Thunderscape Battlemage,1
Savage Punch,1
Thundersteel Colossus,1
Savage Gorger,1
Savage Conception,1
Sautekh Immortal,1
Satyr's Cunning,1
Sanctum of Fruitful Harvest,1
Tidings,1
Timely Reinforcements,1
Tin Street Dodger,1
Satyr Enchanter,1
Tin Street Hooligan,1
"Sarevok, Deathbringer",1
Saproling Migration,1
Sanguinary Priest,1
Sangrite Backlash,1
Sandstorm,1
Sandstone Bridge,1
Titan's Presence,1
Sand Strangler,1
Transguild Promenade,1
Ruthless Sniper,1
Ruthless Ripper,1
Rooftop Nuisance,1
Rosethorn Acolyte,1
Rosemane Centaur,1
Truefire Paladin,1
Trusted Pegasus,1
Rootwater Diver,1
Trusty Machete,1
"Rootha, Mercurial Artist",1
Trygon Prime,1
Rootgrapple,1
Tunneling Geopede,1
Root Out,1
Turn // Burn,1
Turn Against,1
Turn to Frog,1
Ruthless Knave,1
Turn to Mist,1
Rolling Thunder,1
Rolling Temblor,1
Tuskeri Firewalker,1
Roiling Regrowth,1
Roil Spout,1
Rogue's Gloves,1
Tuya Bearclaw,1
Twinferno,1
Twinstrike,1
Twisted Justice,1
Twisted Reflection,1
Rockslide Sorcerer,1
Truefire Captain,1
Rosie Cotton of South Lane,1
Trove of Temptation,1
Trophy Mage,1
Ruthless Cullblade,1
Trapped in the Tower,1
Rusted Relic,1
Treacherous Terrain,1
Rust Tick,1
Rune Snag,1
Run Out of Town,1
Treason of Isengard,1
Rumor Gatherer,1
Ruins Recluse,1
Trepanation Blade,1
Ruination Wurm,1
Treva's Ruins,1
Trial // Error,1
Trial of Ambition,1
Ruination Guide,1
Ruin in Their Wake,1
Ruin Ghost,1
Triplicate Spirits,1
Triton Shorestalker,1
Triton Tactics,1
Rubblebelt Runner,1
Troll of Khazad-dûm,1
Trollbred Guardian,1
Tromp the Domains,1
Rot Farm Skeleton,1
Trophy Hunter,1
Savvy Hunter,1
Scab-Clan Giant,1
Sword of the Meek,1
Tattermunge Maniac,1
Selesnya Sagittars,1
Selesnya Locket,1
Talisman of Creativity,1
Selesnya Guildmage,1
Selesnya Guildgate,1
Talisman of Unity,1
Talons of Wildwood,1
Selesnya Cluestone,1
Tandem Takedown,1
Select for Inspection,1
Tapping at the Window,1
Tasigur's Cruelty,1
Tasseled Dromedary,1
"Tatyova, Steward of Tides",1
Selfless Savior,1
Tavern Brawler,1
Seeds of Strength,1
Teferi's Tutelage,1
Tel-Jilad Archers,1
Seed Spark,1
Tel-Jilad Chosen,1
Secrets of the Dead,1
Secrets of Paradise,1
Secret Plans,1
Tel-Jilad Outrider,1
Tempered Veteran,1
Tempered in Solitude,1
Temple Acolyte,1
Talas Scout,1
Senate Griffin,1
Scab-Clan Mauler,1
Serrated Arrows,1
Shadow Guildmage,1
Shadow Alley Denizen,1
Sylvan Messenger,1
Sylvan Might,1
Sylvan Ranger,1
Sylvok Lifestaff,1
Set Adrift,1
Servo Schematic,1
Sylvok Replica,1
Symmetry Matrix,1
Serum Tank,1
Serum Snare,1
Serrated Biskelion,1
Serpentine Basilisk,1
Senate Guildmage,1
Synchronized Spellcraft,1
Serpentine Ambush,1
Serpent-Blade Assailant,1
Syndicate Guildmage,1
Synod Sanctum,1
Syphon Life,1
T.A.P.P.E.R.,1
Seraph of Dawn,1
Sentinel Dispatch,1
Tainted Field,1
Tainted Isle,1
Tainted Peak,1
Tainted Wood,1
Temple of the Dragon Queen,1
Temporal Fissure,1
Temporal Isolation,1
Scorching Dragonfire,1
Thermal Glider,1
Screeching Sliver,1
Scrapwork Rager,1
Thirst,1
Thirsting Roots,1
Thought Harvester,1
Thoughtbind,1
Thraben Watcher,1
Thran Power Suit,1
Scorned Villager,1
Thran Vigil,1
Thrasher Brute,1
Threaten,1
Thrill-Kill Assassin,1
Season of Growth,1
Thrilling Discovery,1
Scorch Spitter,1
Scion of Halaster,1
Thrull Parasite,1
Scion of Darkness,1
Thrummingbird,1
Schismotivate,1
Thunder Drake,1
Scattering Stroke,1
Scatter Ray,1
Scarab Feast,1
Scale Up,1
Thundering Chariot,1
Scrivener,1
Scrounge,1
Theft of Dreams,1
The Weatherseed Treaty,1
Tempting Witch,1
Searing Spear,1
Searing Rays,1
Temur Charm,1
Searing Blood,1
Searing Barb,1
Tenth District Legionnaire,1
Tenured Inkcaster,1
Seal of Strength,1
Teroh's Faithful,1
Territorial Hammerskull,1
Terror,1
Testament of Faith,1
Thassa's Ire,1
The Big Top,1
The Binding of the Titans,1
The Birth of Meletis,1
The Flame of Keld,1
Sea Legs,1
The Grey Havens,1
The Lost and the Damned,1
Sea Hag,1
The Rack,1
Sea Gate Oracle,1
Sea Gate Colossus,1
The Wanderer,1
Scuttletide,1
Transgress the Mind,1
"""Brims"" Barone, Midway Mobster",1
Prava of the Steel Legion,1
Death Frenzy,1
Deathgreeter,1
Deathreap Ritual,1
Deathspore Thallid,1
Debilitating Injury,1
Debt to the Deathless,1
Decommission,1
Deconstruct,1
Decorated Champion,1
Deepwater Hypnotist,1
Defiant Falcon,1
Defiant Salvager,1
Deliberate,1
Delirium,1
Demolish,1
Demolition Stomper,1
Demon Bolt,1
"Denethor, Ruling Steward",1
Departed Deckhand,1
Deprive,1
Death Wind,1
Deadly Recluse,1
Codespell Cleric,1
Deadly Designs,1
Daring Skyjek,1
Dark Betrayal,1
Dark Heart of the Wood,1
Dark Inquiry,1
Darkblade Agent,1
Darksteel Axe,1
Darkwater Egg,1
Darling of the Masses,1
Daru Lancer,1
Daru Sanctifier,1
Dauntless Unity,1
Dauthi Horror,1
"Davriel, Rogue Shadowmage",1
Daybreak Charger,1
Dead Drop,1
Deadeye Plunderers,1
Deadeye Rig-Hauler,1
Deadeye Tormentor,1
Deadly Alliance,1
Depths of Desire,1
Desert of the Fervent,1
Desert of the Glorified,1
Desert of the Indomitable,1
Dire Fleet Hoarder,1
Dire Fleet Interloper,1
Dire Fleet Warmonger,1
Dire Mimic,1
Dire Tactics,1
Diregraf Ghoul,1
Disappearing Act,1
Disciplined Duelist,1
Discover the Impossible,1
Disinformation Campaign,1
Disruption Protocol,1
Distress,1
Dive Down,1
Divest,1
Divine Arrow,1
Dokuchi Silencer,1
Doom Blade,1
Doomed Dissenter,1
Doomfall,1
Dire Fleet Captain,1
Dimir Spybug,1
Dimir Locket,1
Devour Flesh,1
Desert of the Mindful,1
Desert of the True,1
Desert's Hold,1
Despark,1
Desperate Castaways,1
Desperate Ritual,1
Destructive Revelry,1
Devoted Grafkeeper,1
Devour in Flames,1
Dimir Infiltrator,1
Dhund Operative,1
Diamond Knight,1
Didn't Say Please,1
Dig Up the Body,1
Dimir Charm,1
Dimir Cluestone,1
Dimir Guildgate,1
Dimir Guildmage,1
Daring Saboteur,1
Daring Demolition,1
Daring Buccaneer,1
Corpsehatch,1
Conjurer's Ban,1
Constable of the Realm,1
Constant Mists,1
Consul's Shieldguard,1
Consulate Surveillance,1
Consult the Necrosages,1
Consume Strength,1
Contagion,1
Containment Breach,1
Contemplation,1
Contentious Plan,1
Contraband Kingpin,1
Contract Killing,1
Convolute,1
Copper Host Crusher,1
Copper Longlegs,1
Coral Atoll,1
Coretapper,1
Corpse Augur,1
Conifer Wurm,1
Congregation at Dawn,1
Confiscate,1
Command Tower,1
Coercion,1
Cogwork Spy,1
Coiling Stalker,1
Colossal Majesty,1
Colossal Plow,1
Colossus Hammer,1
Combat Research,1
Combine Guildmage,1
Common Bond,1
Confessor,1
Commune with Dinosaurs,1
Compleated Huntmaster,1
Complete Disregard,1
Compulsive Research,1
Concentrate,1
Concerted Defense,1
Conclave Guildmage,1
Conductor of Cacophony,1
Corpse Churn,1
Corrupt,1
Darigaaz's Caldera,1
Cosmic Hunger,1
Crush,1
Cryptolith Fragment,1
Crystal Dragon,1
Crystal Grotto,1
Crystallization,1
Culling Dais,1
Culling the Weak,1
Cult Guildmage,1
Cunning Survivor,1
Cuombajj Witches,1
Curate,1
Curious Obsession,1
Curse of Disturbance,1
Custodi Squire,1
Customs Depot,1
Cut Short,1
Cutthroat Contender,1
"Danitha Capashen, Paragon",1
Daredevil Dragster,1
Crumbling Vestige,1
Cruel Witness,1
Crow of Dark Tidings,1
Cradle of the Accursed,1
Cosmic Rebirth,1
Countersquall,1
Courageous Outrider,1
Courier's Briefcase,1
Coursers' Accord,1
Court Homunculus,1
Covetous Castaway,1
Crack Open,1
Cram Session,1
Crow Storm,1
Crawl from the Cellar,1
Crawling Infestation,1
Creakwood Ghoul,1
Criminal Past,1
Crimson Fleet Commodore,1
Crippling Chill,1
Crooked Custodian,1
Crosis's Catacombs,1
Doomskar Oracle,1
Double Stroke,1
Dovin's Veto,1
Fallen Askari,1
Exploding Borders,1
Explorer's Scope,1
Explosive Vegetation,1
Extract from Darkness,1
Extremely Slow Zombie,1
Extruder,1
Eye of Nowhere,1
Eyeblight Cullers,1
Eyeblight's Ending,1
Eyes in the Skies,1
Eyes of Gitaxias,1
Fa'adiyah Seer,1
Facet Reader,1
Faerie Harbinger,1
Faerie Impostor,1
Faerie Macabre,1
Falkenrath Exterminator,1
Fall from Favor,1
Fall of the Gavel,1
Expedite,1
Exotic Pets,1
Exoskeletal Armor,1
Etched Oracle,1
Escape Protocol,1
Esper Stormblade,1
Essence Backlash,1
Essence Capture,1
Essence Depleter,1
Essence Flux,1
Essence Warden,1
Etched Familiar,1
Ethercaste Knight,1
Executioner's Swing,1
Ethereal Ambush,1
Etherium Astrolabe,1
Ethersworn Sphinx,1
Eureka Moment,1
Evolving Adaptive,1
Excavated Wall,1
Excavation Mole,1
Exclusion Mage,1
Fallaji Vanguard,1
"Falthis, Shadowcat Familiar",1
Era of Enlightenment,1
Fanatic of Mogis,1
Field Trip,1
Fieldmist Borderpost,1
Fiery Cannonade,1
Fiery Fall,1
Fight with Fire,1
Filter Out,1
Final Parting,1
Final Payment,1
Final Reward,1
Fire Ambush,1
Fire Diamond,1
Fire-Belly Changeling,1
Fireball,1
Fireblade Artist,1
Firecannon Blast,1
Firefist Striker,1
Firemaw Kavu,1
Firemind Vessel,1
Firespout,1
Feywild Visitor,1
Festival Crasher,1
Festercreep,1
Fathom Fleet Cutthroat,1
Fanatical Firebrand,1
Far // Away,1
Far Traveler,1
Farfinder,1
Farhaven Elf,1
Fast // Furious,1
Fatestitcher,1
Fathom Fleet Boarder,1
Fathom Fleet Swordjack,1
Fertilid,1
Fearless Skald,1
Feast of Succession,1
Feast of the Victorious Dead,1
Feeling of Dread,1
Feral Animist,1
Ferocious Pup,1
Ferocity of the Wilds,1
Ferropede,1
Erstwhile Trooper,1
Epic Downfall,1
Draconic Disciple,1
Echo Tracer,1
Drooling Groodion,1
Dross Golem,1
Drown in Sorrow,1
Drownyard Behemoth,1
Drowsing Tyrannodon,1
Druidic Ritual,1
Dual Strike,1
Duergar Hedge-Mage,1
Dune Mover,1
Dunes of the Dead,1
Duskmantle Guildmage,1
Dwarven Hammer,1
Dwarven Reinforcements,1
Dwynen's Elite,1
Dynacharge,1
Eager First-Year,1
Eagles of the North,1
Eastfarthing Farmer,1
Easy Prey,1
Dromoka Captain,1
Dromar's Cavern,1
Drogskol Captain,1
Drannith Healer,1
Draconic Roar,1
Drag Under,1
Drag to the Underworld,1
Dragon Cultist,1
Dragon Fodder,1
Dragonfly Suit,1
Drain Life,1
Dramatist's Puppet,1
Drannith Stinger,1
Dripping-Tongue Zubera,1
Dreadmalkin,1
Dreadship Reef,1
Dream Fracture,1
Dream Thief,1
Dream Twist,1
Dregscape Sliver,1
Dregscape Zombie,1
Drifting Meadow,1
Ebony Fly,1
Echoing Decay,1
Epic Confrontation,1
Echoing Truth,1
Elvish Rejuvenator,1
Elvish Vanguard,1
Emancipation Angel,1
Embalmer's Tools,1
Ember-Fist Zubera,1
Embersmith,1
Embodiment of Insight,1
Embodiment of Spring,1
Emeria Captain,1
Emissary of Despair,1
Empyrean Eagle,1
Empyrial Armor,1
Emrakul's Hatcher,1
Enchanted Carriage,1
Enduring Bondwarden,1
Enslave,1
Enthusiastic Study,1
Ephara's Dispersal,1
Ephara's Enlightenment,1
Elvish Hydromancer,1
Elvish Handservant,1
Elvish Aberration,1
Elaborate Firecannon,1
Ecstatic Awakener,1
Edgar's Awakening,1
Edgewalker,1
Edifice of Authority,1
Eerie Soultender,1
Efficient Construction,1
Efreet Weaponmaster,1
Eidolon of Rhetoric,1
Elderleaf Mentor,1
Elven Farsight,1
Electrostatic Bolt,1
Elegant Entourage,1
Elemental Bond,1
Elemental Masterpiece,1
Elite Scaleguard,1
"Ellyn Harbreeze, Busybody",1
Elturgard Ranger,1
Elusive Krasis,1
Codex Shredder,1
Cobbled Wings,1
"Firja, Judge of Valor",1
Auger Spree,1
Auriok Salvagers,1
Auriok Sunchaser,1
Avalanche Caller,1
Avalanche Riders,1
Aven Liberator,1
Aven Mindcensor,1
Avian Changeling,1
Aviary Mechanic,1
Axebane Guardian,1
Azorius Aethermage,1
Azorius Cluestone,1
Azorius First-Wing,1
Azorius Guildgate,1
Azorius Guildmage,1
Azorius Knight-Arbiter,1
Azorius Locket,1
Azorius Ploy,1
Azorius Skyguard,1
Azure Fleet Admiral,1
Augur of Bolas,1
Audacious Thief,1
Cobbled Lancer,1
Audacious Infiltrator,1
"Aron, Benalia's Ruin",1
Arrest,1
Arterial Flow,1
Artful Maneuver,1
Artful Takedown,1
Artificer's Assistant,1
Arvad the Cursed,1
Ashenmoor Gouger,1
Ashnod's Altar,1
Ashnod's Transmogrant,1
Assault Formation,1
Assault Zeppelid,1
Assemble the Rank and Vile,1
Assert Authority,1
Astral Steel,1
Atarka Efreet,1
Atraxa's Skitterfang,1
Attended Healer,1
Attended Knight,1
Azusa's Many Journeys,1
Balduvian Frostwaker,1
Ballista Charger,1
Ballyrush Banneret,1
Bearded Axe,1
Beckoning Will-o'-Wisp,1
Beetleform Mage,1
Befoul,1
Bellowing Saddlebrute,1
Beloved Princess,1
Beneath the Sands,1
Benevolent Blessing,1
Berg Strider,1
Bestial Menace,1
Beyeen Veil,1
Big Game Hunter,1
Big Play,1
Bind the Monster,1
Binding Grasp,1
Biolume Egg,1
Bioshift,1
Birchlore Rangers,1
Bird Admirer,1
Beamtown Beatstick,1
Beamsplitter Mage,1
Battlewing Mystic,1
Barge In,1
Band Together,1
Bane Alley Broker,1
Bane of Bala Ged,1
Banisher Priest,1
Banishing Knack,1
Banishing Slash,1
Banishment,1
Barbarian Guides,1
Basalt Ravager,1
Battlefront Krushok,1
Base Camp,1
Basilica Bell-Haunt,1
Basilica Screecher,1
Basilica Skullbomb,1
Bastion Mastodon,1
Battering Craghorn,1
Battle Brawler,1
Battle Hymn,1
Arni Slays the Troll,1
Arms Dealer,1
Armored Skaab,1
"Alora, Merry Thief",1
Aetherborn Marauder,1
Aethershield Artificer,1
Against All Odds,1
Agent of Acquisitions,1
Agent of Masks,1
Agent of the Iron Throne,1
Aggressive Sabotage,1
Agony Warp,1
Airborne Aid,1
Airlift Chaplain,1
Akki Ember-Keeper,1
Akoum Battlesinger,1
Akroan Crusader,1
Akroan Skyguard,1
Albino Troll,1
Alchemist's Vial,1
"Alena, Kessig Trapper",1
"Alirios, Enraptured",1
Allay,1
Aether Tradewinds,1
Aether Hub,1
Aether Figment,1
Academic Dispute,1
Abiding Grace,1
Abolish,1
Abominable Treefolk,1
Abomination of Gudul,1
Absorb Identity,1
Abundant Growth,1
Abundant Maw,1
Abzan Guide,1
Accorder Paladin,1
Aeronaut Admiral,1
Acolyte of the Inferno,1
Acorn Harvest,1
Acrobatic Maneuver,1
Advantageous Proclamation,1
Adventuring Gear,1
Adventurous Impulse,1
Aerial Responder,1
Aeromunculus,1
Alloy Animist,1
Alpine Guide,1
Armored Scrapgorger,1
Ambuscade Shaman,1
Appetite for the Unnatural,1
Applied Biomancy,1
Apprentice Sharpshooter,1
Aquamoeba,1
Aquastrand Spider,1
Aradara Express,1
Arborback Stomper,1
Arcane Subtraction,1
Archetype of Aggression,1
Archfiend's Vessel,1
Archipelagore,1
Architects of Will,1
Archway Commons,1
Ardent Electromancer,1
Ardent Recruit,1
Argivian Phalanx,1
Armament Corps,1
Armed and Armored,1
Armillary Sphere,1
Aphetto Runecaster,1
Aphetto Grifter,1
Aphetto Exterminator,1
Angel of Despair,1
Ambush Viper,1
Amoeboid Changeling,1
"Anara, Wolvid Familiar",1
Ancestor's Chosen,1
Ancestral Anger,1
Ancestral Blade,1
Ancient Grudge,1
Ancient Hydra,1
Angel of Vitality,1
Annihilating Fire,1
Angel of the Dawn,1
Angelheart Protector,1
Angelic Favor,1
Angelic Intervention,1
Angelic Page,1
Angelic Renewal,1
Animating Faerie,1
Animus of Predation,1
Bishop of the Bloodstained,1
Bite Down,1
Blackbloom Rogue,1
Changeling Hero,1
Careful Consideration,1
Careful Cultivation,1
Carnage Gladiator,1
Carnival // Carnage,1
Carnivorous Canopy,1
Carnophage,1
Carrier Thrall,1
Carven Caryatid,1
Cateran Summons,1
Caught in the Brights,1
Cenn's Enlistment,1
Cenn's Tactician,1
Centaur Glade,1
Centaur Healer,1
Centaur Peacemaker,1
Centaur Safeguard,1
Ceremonial Knife,1
Chain of Vapor,1
Challenger Troll,1
Caravan Vigil,1
Captain's Maneuver,1
Caprichrome,1
Calamity's Wake,1
Burning Prophet,1
Burning-Tree Bloodscale,1
Burnished Hart,1
Burrenton Bombardier,1
By Force,1
Cabal Interrogator,1
Cabal Ritual,1
Cabaretti Charm,1
Calciform Pools,1
Canyon Wildcat,1
Calcite Snapper,1
Calculated Dismissal,1
Call of the Conclave,1
Call to the Feast,1
"Callaphe, Beloved of the Sea",1
Cancel,1
Cankerous Thirst,1
Canyon Jerboa,1
Champion of the Flame,1
Changeling Titan,1
Bump in the Night,1
Chaplain of Alms,1
Clawing Torment,1
Clay Revenant,1
Clear the Mind,1
Cleric Class,1
Clever Lumimancer,1
Cloakwood Hermit,1
Cloakwood Swarmkeeper,1
Clock of Omens,1
Clockspinning,1
Clockwork Fox,1
Clockwork Hydra,1
Cloistered Youth,1
Cloudform,1
Clutch of Currents,1
Clutch of the Undercity,1
Coalition Honor Guard,1
Coastal Discovery,1
Coastal Piracy,1
Coastline Marauders,1
Clattering Augur,1
Clan Guildmage,1
Civic Wayfinder,1
Chief of the Scale,1
Charcoal Diamond,1
Charforger,1
Charge Across the Araba,1
Charge Through,1
Charge of the Forever-Beast,1
Chatter of the Squirrel,1
Check for Traps,1
Chief of the Edge,1
Chill to the Bone,1
City of Brass,1
Chimeric Sphere,1
Chomping Kavu,1
Chrome Courier,1
Cinder Barrens,1
Cinderclasm,1
Circle of the Land Druid,1
Citadel Castellan,1
Citanul Stalwart,1
Burn Away,1
Built to Smash,1
Blade Instructor,1
Boneyard Wurm,1
Bloodthirsty Aerialist,1
Bloody Betrayal,1
Blot Out,1
Boarding Party,1
Body Dropper,1
Bog Witch,1
Bogardan Dragonheart,1
Bogardan Firefiend,1
Bogardan Lancer,1
Boggart Ram-Gang,1
Boiling Earth,1
Bojuka Bog,1
Bola Slinger,1
Boldwyr Intimidator,1
Bolt Bend,1
Bolt Hound,1
Bombard,1
Bond Beetle,1
Bonded Construct,1
Bloodrage Brawler,1
Bloodfray Giant,1
Bloodflow Connoisseur,1
Blight Mamba,1
Bladegraft Aspirant,1
Blades of Velis Vel,1
Bladewing's Thrall,1
Blaze,1
Blazing Crescendo,1
Bleed Dry,1
Blessed Defiance,1
Blessed Hippogriff,1
Blighted Agent,1
Bloodcrazed Hoplite,1
Blightspeaker,1
Blind Hunter,1
Blinding Drone,1
Blinding Souleater,1
Blistercoil Weird,1
Blizzard Brawl,1
Blockade Runner,1
Blood Petal Celebrant,1
Bonecaller Cleric,1
Boon of Safety,1
Built to Last,1
Booster Tutor,1
Breaker of Armies,1
Breath of Darigaaz,1
Breathless Knight,1
Bred for the Hunt,1
Bretagard Stronghold,1
Briarpack Alpha,1
Brightstone Ritual,1
Brine Elemental,1
Brine Hag,1
"Brinelin, the Moon Kraken",1
Brokers Charm,1
Bronze Walrus,1
Brood Birthing,1
Broodhatch Nantuko,1
Bruenor Battlehammer,1
Brutal Suppression,1
Brute Force,1
Brute Suit,1
Bubbling Muck,1
Brazen Wolves,1
Brazen Buccaneers,1
Brawn,1
Borrowed Hostility,1
Boreal Druid,1
Boreal Outrider,1
Born to Drive,1
Boros Cluestone,1
Boros Guildgate,1
Boros Locket,1
Boros Recruit,1
Boros Swiftblade,1
Borrowed Time,1
Brass Herald,1
"Borrowing 100,000 Arrows",1
Bosk Banneret,1
Bottle Gnomes,1
Bouncer's Beatdown,1
Bound in Silence,1
Bounty of the Hunt,1
Brago's Favor,1
Bramble Wurm,1
Firewild Borderpost,1
First Day of Class,1
Practical Research,1
Maulfist Revolutionary,1
Maximize Altitude,1
Maze of Ith,1
Measure of Wickedness,1
Medicine Runner,1
Medomai's Prophecy,1
Meldweb Strider,1
Memorial to Folly,1
Memorial to Genius,1
Mercadia's Downfall,1
Merchant Raiders,1
Merchant Scroll,1
Merchant Ship,1
Merchant of the Vale,1
Merfolk Assassin,1
Merfolk Traders,1
Merfolk Windrobber,1
Merfolk of the Pearl Trident,1
Meriadoc Brandybuck,1
Merrow Reejerey,1
Maw of the Obzedat,1
Matca Rioters,1
Kenku Artificer,1
Master of the Veil,1
Mandible Justiciar,1
Manic Vandal,1
Marauding Blight-Priest,1
Marble Diamond,1
March from the Black Gate,1
Marchesa's Smuggler,1
Mardu Hateblade,1
Mardu Heart-Piercer,1
Mardu Hordechief,1
Mardu Scout,1
Mardu Skullhunter,1
Mark of Mutiny,1
Markov Baron,1
Marshaling Cry,1
Mascot Interception,1
Master Chef,1
Master Decoy,1
Master Skald,1
Master Thief,1
Mesa Cavalier,1
Mesa Enchantress,1
Mesmerizing Dose,1
Meticulous Excavation,1
Mobilizer Mech,1
Mogg Raider,1
Molderhulk,1
Moldgraf Scavenger,1
Molten Frame,1
Molten Monstrosity,1
Molten Nursery,1
Molten Slagheap,1
Moment of Craving,1
Monstrify,1
Monstrous War-Leech,1
Moon-Blessed Cleric,1
Moonfolk Puzzlemaker,1
Moonglove Extract,1
Moonlight Hunt,1
Moonsnare Prototype,1
More or Less,1
Morgue Burst,1
Morgue Theft,1
Mobile Garrison,1
Mnemonic Wall,1
Mistral Singer,1
Mimic,1
Metropolis Angel,1
"Miara, Thorn of the Glade",1
Miasmic Mummy,1
Might of Alara,1
Might of Old Krosa,1
Migration Path,1
Migratory Route,1
Millstone,1
Minion's Return,1
Mistmoon Griffin,1
Minister of Impediments,1
Ministrant of Obligation,1
Mirror Image,1
Misery Charm,1
Mishra's Onslaught,1
Mist Raven,1
Mistfire Weaver,1
Mistmeadow Witch,1
Manaweft Sliver,1
Manakin,1
Mana Geode,1
Lead the Stampede,1
Kor Chant,1
Kor Halberd,1
Kor Sanctifiers,1
"Korlessa, Scale Singer",1
Korozda Gorgon,1
Kozilek's Channeler,1
Krasis Incubation,1
Krovikan Mist,1
Kuldotha Rebirth,1
Land Tax,1
Larder Zombie,1
Lashknife Barrier,1
Lashweed Lurker,1
Last Breath,1
Last Gasp,1
Last Rites,1
Lava Spike,1
Lavabelly Sliver,1
Law-Rune Enforcer,1
Koma's Faithful,1
"Koll, the Forgemaster",1
Kolaghan Warmonger,1
Kinjalli's Caller,1
Kessig Naturalist,1
Kessig Prowler,1
Ketria Crystal,1
Khalni Garden,1
Khalni Heart Expedition,1
Kill Shot,1
King of the Pride,1
Kingfisher,1
Kiora's Follower,1
Kolaghan Stormsinger,1
Kirtar's Desire,1
Kithkin Zephyrnaut,1
Kitsune Ace,1
Knight of Dawn's Light,1
Knight of the Holy Nimbus,1
Knight of the Last Breath,1
Knighted Myr,1
Knotvine Mystic,1
Lawless Broker,1
Leafdrake Roost,1
Mana Drain,1
League Guildmage,1
Long List of the Ents,1
Longbow Archer,1
Longshot Squad,1
Looming Spires,1
Loran's Escape,1
Lorescale Coatl,1
Love Song of Night and Day,1
Loyal Apprentice,1
"Lulu, Loyal Hollyphant",1
Lunar Force,1
Lurking Automaton,1
Lurking Informant,1
Lys Alana Huntmaster,1
Lórien Revealed,1
Maestros Charm,1
Mage Duel,1
Mage's Guile,1
Magma Spray,1
Makindi Stampede,1
Loch Dragon,1
Loathsome Chimera,1
Loam Dryad,1
Library of Alexandria,1
Leap of Flame,1
Ledev Champion,1
Legerdemain,1
Legion Guildmage,1
Leonin Squire,1
Leonin Vanguard,1
Leovold's Operative,1
Lethal Exploit,1
Lifespark Spellbomb,1
Living Lightning,1
Lightform,1
Lightning Rift,1
Lightning-Rig Crew,1
Lignify,1
Liliana's Defeat,1
Lingering Mirage,1
Littjara Glade-Warden,1
Live Fast,1
Moroii,1
Mortician Beetle,1
Mortuary Mire,1
Persistent Petitioners,1
Pain Magnification,1
Painsmith,1
Painted Bluffs,1
Pale Recluse,1
Palliation Accord,1
Paradise Mantle,1
Paragon of Fierce Defiance,1
Parcel Myr,1
Parish-Blade Trainee,1
Path of Ancestry,1
Path to the World Tree,1
Pathway Arrows,1
Patron of the Wild,1
Pawn of Ulamog,1
Pegasus Guardian,1
Pelakka Wurm,1
Penumbra Bobcat,1
Peregrin Took,1
Perilous Predicament,1
Packsong Pup,1
Oxidda Golem,1
Owlbear,1
Orzhov Guildmage,1
Ordeal of Nylea,1
Ordeal of Purphoros,1
Ordeal of Thassa,1
Ore-Scale Guardian,1
Organ Hoarder,1
Orim's Thunder,1
Orzhov Cluestone,1
Orzhov Guildgate,1
Orzhov Locket,1
Overwhelmed Archivist,1
Otepec Huntmaster,1
Outnumber,1
Outrider en-Kor,1
Ovalchase Dragster,1
Overcome,1
Overgrown Battlement,1
Overrule,1
Overwhelmed Apprentice,1
Perplex,1
Petrahydrox,1
Ordeal of Erebos,1
Phalanx Leader,1
Planar Atlas,1
Plasma Jockey,1
Plasmancer,1
Plated Onslaught,1
Plaxmanta,1
Pledge of Unity,1
Plumes of Peace,1
Plundering Predator,1
Pollenbright Wings,1
Polluted Mire,1
Pondering Mage,1
Ponyback Brigade,1
Port Inspector,1
Port of Karfell,1
Possessed Skaab,1
Postmortem Lunge,1
Pouncing Jaguar,1
Power Conduit,1
Power Sink,1
Plague Stinger,1
Placid Rottentail,1
Pitiless Pontiff,1
Phyrexian Archivist,1
Phalanx Tactics,1
Phantasmal Form,1
Phantasmal Terrain,1
Phantom Centaur,1
Phantom Warrior,1
Pharika's Libation,1
Pharika's Mender,1
Pheres-Band Brawler,1
Phyrexian Espionage,1
Pit Keeper,1
Phyrexian Walker,1
Pilfered Plans,1
Pilfering Hawk,1
Pillage,1
Pine Walker,1
Piracy Charm,1
Pirate's Prize,1
Piston-Fist Cyclops,1
Ordeal of Heliod,1
Orcish Paratroopers,1
Mosquito Guard,1
New Horizons,1
Myrsmith,1
Mystic Retrieval,1
Mystical Teachings,1
Myth Realized,1
Nadier's Nightblade,1
Nagging Thoughts,1
Nantuko Tracer,1
"Narfi, Betrayer King",1
Natural State,1
Natural Unity,1
Nature's Claim,1
Nature's Way,1
Naya Charm,1
Nebelgast Herald,1
Nebelgast Intruder,1
Necrogen Censer,1
Necrotic Wound,1
Nef-Crop Entangler,1
Nessian Hornbeetle,1
Myr Sire,1
Myr Convert,1
Muzzio's Preparations,1
"Mowu, Loyal Companion",1
Moss-Pit Skeleton,1
Mossbeard Ancient,1
Mossfire Egg,1
Mothdust Changeling,1
Mother Bear,1
Mourning Thrull,1
Mournwhelk,1
Mouth of Ronom,1
"Mr. Orfeo, the Boulder",1
Mutual Destruction,1
Mudbrawler Cohort,1
Mudbutton Clanger,1
Mudbutton Torchrunner,1
Mugging,1
Murasa Rootgrazer,1
Murder Investigation,1
Murder of Crows,1
Mutiny,1
Nettle Sentinel,1
New Prahv Guildmage,1
Orcish Hellraiser,1
Nezumi Graverobber,1
Obscura Charm,1
Obsidian Battle-Axe,1
Oceanus Dragon,1
Of One Mind,1
Offering to Asha,1
Oketra's Attendant,1
Okiba Salvage,1
Oliphaunt,1
Omen Hawker,1
Omen of the Sun,1
One Thousand Lashes,1
Oneirophage,1
Ongoing Investigation,1
Onyx Mage,1
Opal Palace,1
Opportunity,1
Oppressive Rays,1
Oracle of Tragedy,1
Orchard Strider,1
Oblivion's Hunger,1
Oblivion Strike,1
Obelisk Spider,1
Nimble Larcenist,1
Nezumi Shadow-Watcher,1
Niblis of the Urn,1
Nightbird's Clutches,1
Nightshade Assassin,1
Nightshade Stinger,1
Nightveil Predator,1
Nightveil Sprite,1
Nightwind Glider,1
Nimble Mongoose,1
Nyxborn Triton,1
Ninja of the Deep Hours,1
Nivix Guildmage,1
No One Left Behind,1
Nova Cleric,1
Noxious Revival,1
Nuisance Engine,1
Nurgle's Rot,1
Nyx Weaver,1
Kenrith's Transformation,1
"Keleth, Sunmane Familiar",1
First Response,1
Gnawing Vermin,1
Go Blank,1
Go-Shintai of Ancient Wars,1
Go-Shintai of Boundless Vigor,1
Go-Shintai of Hidden Cruelty,1
Go-Shintai of Shared Purpose,1
Goatnapper,1
Gobhobbler Rats,1
Goblin Assault,1
Goblin Flectomancer,1
Goblin Grenade,1
Goblin Javelineer,1
Goblin Matron,1
Goblin Medics,1
Goblin Patrol,1
Goblin Replica,1
Goblin Shortcutter,1
Goblin Taskmaster,1
Goblin Tinkerer,1
Goblin War Buggy,1
Gnawing Zombie,1
Gnarlid Colony,1
Keldon Strike Team,1
Gnarled Scarhide,1
Ghostfire,1
Giant Growth,1
Giant Ox,1
Gifted Aetherborn,1
Gigadrowse,1
"Gilanra, Caller of Wirewood",1
Gilder Bairn,1
Gilt-Leaf Winnower,1
Glacial Grasp,1
Glacial Revelation,1
"Glacian, Powerstone Engineer",1
Gladecover Scout,1
Glimmerpoint Stag,1
Glint Hawk,1
Glint-Sleeve Artisan,1
Glistener Elf,1
Glittering Frost,1
Glowstone Recluse,1
Gluttonous Slug,1
God-Pharaoh's Statue,1
Golden Demise,1
Goldnight Commander,1
Golgari Cluestone,1
Griffin Rider,1
Grim Bounty,1
Grim Discovery,1
Grim Draugr,1
Grim Guardian,1
Grimdancer,1
Grip of Desolation,1
Grisly Salvage,1
Grisly Spectacle,1
Grixis Grimblade,1
Grotag Bug-Catcher,1
Grotag Night-Runner,1
Ground Assault,1
Groundswell,1
Grow from the Ashes,1
Gruul Charm,1
Gruul Cluestone,1
Gruul Guildgate,1
Gruul Guildmage,1
Griffin Guide,1
Grey Knight Paragon,1
Gremlin Infestation,1
Gorging Vulture,1
Golgari Findbroker,1
Golgari Guildgate,1
Golgari Guildmage,1
Golgari Locket,1
Golgari Rotwurm,1
Goliath Truck,1
Gollum's Bite,1
Gore-House Chainwalker,1
Grab the Reins,1
Greater Tanuki,1
Grafted Growth,1
Grasping Dunes,1
Grasping Scoundrel,1
Grasping Thrull,1
Grave Scrabbler,1
Gravedigger,1
Great Hall of the Citadel,1
Greater Sandwurm,1
Ghost Town,1
Ghost Ship,1
Ghost Lantern,1
Fretwork Colony,1
Flower // Flourish,1
Flux Channeler,1
Flywheel Racer,1
Foil,1
Font of Progress,1
Footfall Crater,1
Force Away,1
Foreboding Fruit,1
Forerunner of the Coalition,1
Forge Boss,1
Forsaken Sanctuary,1
Fortifying Draught,1
Fortuitous Find,1
Foulmire Knight,1
Founding the Third Path,1
Foundry Hornet,1
Foundry of the Consuls,1
Fourth Bridge Prowler,1
Fragmentize,1
Flourishing Strike,1
Flourishing Fox,1
Floodhound,1
Flames of the Blood Hand,1
Fissure,1
Fissure Wizard,1
Fists of Ironwood,1
Flame Discharge,1
Flame Javelin,1
Flame Spill,1
Flame Sweep,1
Flame-Kin Zealot,1
Flames of the Firebrand,1
Floodgate,1
Flames of the Raze-Boar,1
Flaming Fist,1
Fledgling Djinn,1
Fleetfeather Cockatrice,1
Fleeting Spirit,1
Fleshbag Marauder,1
Flickering Ward,1
Flitting Guerrilla,1
Frenzied Arynx,1
Frost Augur,1
Ghitu Lavarunner,1
Frost Bite,1
Garrison Cat,1
Garrison Sergeant,1
Garruk's Uprising,1
Gate to the Afterlife,1
Gatekeeper of Malakir,1
Gather the Townsfolk,1
Gaze of the Gorgon,1
Gearshift Ace,1
Gearsmith Prodigy,1
Geistblast,1
Gelatinous Genesis,1
Gelectrode,1
Gempalm Incinerator,1
Generous Ent,1
Genesis Chamber,1
Get the Point,1
Geth's Verdict,1
Ghastly Demise,1
Ghirapur Aether Grid,1
"Garna, the Bloodflame",1
Garbage Fire,1
Galvanic Juggernaut,1
Funeral Pyre,1
Frost Breath,1
Frost Lynx,1
Frostpeak Yeti,1
Frostveil Ambush,1
Frostwalk Bastion,1
Frozen Aether,1
Frozen Solid,1
Fuel for the Cause,1
Funeral Rites,1
Gaea's Skyfolk,1
Fungal Infection,1
Fungal Plots,1
Fungal Reaches,1
Furnace Gremlin,1
Fury Charm,1
Fyndhorn Elder,1
Gaea's Anthem,1
Gaea's Blessing,1
Gruul Locket,1
Guardian of Vitu-Ghazi,1
Gudul Lurker,1
Iroas's Champion,1
Inscribed Tablet,1
Inspiring Call,1
Inspiring Leader,1
Intercessor's Arrest,1
Interdict,1
Intimidation Bolt,1
Into the North,1
Invasion of Ergamon,1
Invasion of Kaladesh,1
Invasion of New Capenna,1
Invasion of Regatha,1
Inventor's Apprentice,1
Invert // Invent,1
Invigorated Rampage,1
Invigorating Boon,1
Invigorating Surge,1
Invisible Stalker,1
Invulnerability,1
Ipnu Rivulet,1
Inkfathom Witch,1
Ingot Chewer,1
Inga Rune-Eyes,1
Incendiary Dissent,1
Immolation,1
"Imoti, Celebrant of Bounty",1
Impact Tremors,1
Imperial Recovery Unit,1
Imperial Recruiter,1
Imperious Oligarch,1
Impulsive Pilferer,1
Incandescent Soulstoke,1
Incubation // Incongruity,1
Infest,1
Incursion Specialist,1
Indatha Crystal,1
Indentured Djinn,1
Indrik Stomphowler,1
Indulgent Aristocrat,1
Infantry Veteran,1
Infected Vermin,1
Infernal Plunge,1
Ire Shaman,1
Iron Verdict,1
Immerwolf,1
Ironclaw Orcs,1
Jund Hackblade,1
Jungle Lion,1
Juniper Order Rootweaver,1
Just the Wind,1
Juvenile Mist Dragon,1
Jwar Isle Refuge,1
Kaervek's Torch,1
Kaleidostone,1
Kami of Ancient Law,1
Kardur's Vicious Return,1
Kargan Warleader,1
Kathari Bomber,1
Kaya's Onslaught,1
Keen Glidemaster,1
Keen Sense,1
Keeper of Fables,1
Keepsake Gorgon,1
Keldon Marauders,1
Keldon Megaliths,1
Jousting Dummy,1
Journey to Oblivion,1
Join Shields,1
Izzet Locket,1
Ironhoof Boar,1
Irregular Cohort,1
Iterative Analysis,1
Ivory Tower,1
Izzet Chronarch,1
Izzet Cluestone,1
Izzet Guildgate,1
Izzet Guildmage,1
Jace's Ingenuity,1
"Jiang Yanggu, Wildcrafter",1
Jackal Familiar,1
Jagged Poppet,1
Jawbone Skulkin,1
Jaya's Greeting,1
Jeskai Elder,1
Jeskai Sage,1
Jhessian Zombies,1
Jhoira's Familiar,1
Immolating Glare,1
Immersturm Raider,1
Guerrilla Tactics,1
Hidden Strings,1
Healer's Hawk,1
Heap Doll,1
Hearth Kami,1
Hearthfire Hobgoblin,1
Heartless Pillage,1
Heated Debate,1
Hedron Crawler,1
Heir of the Wilds,1
Heliod's Punishment,1
Hellhole Flailer,1
Hellhole Rats,1
Heraldic Banner,1
Hero of the Nyxborn,1
Hero of the Pride,1
Hero's Downfall,1
Hero's Resolve,1
Heroes' Bane,1
Hesitation,1
Hexgold Hoverwings,1
Headstrong Brute,1
Headhunter,1
Hazoret's Monument,1
"Halsin, Emerald Archdruid",1
Guild Artisan,1
Guild Thief,1
Guildpact Informant,1
Gurgling Anointer,1
Hada Freeblade,1
Hagra Constrictor,1
Halimar Excavator,1
Halo Scarab,1
Hammer Dropper,1
Haze of Rage,1
Hammer Mage,1
"Harald, King of Skemfar",1
Hardened Berserker,1
Hardy Outlander,1
Harnessed Snubhorn,1
Hashep Oasis,1
Haunted Cadaver,1
Haunted Fengraf,1
Hidden Guerrillas,1
High Alert,1
Immediate Action,1
Highland Lake,1
Hungry for More,1
Hunter Sliver,1
Hunter of Eyeblights,1
Hunter's Edge,1
Hunting Pack,1
Hunting Triad,1
Hypothesizzle,1
Icatian Crier,1
Ice Cage,1
Ice Over,1
Iceberg,1
Icebind Pillar,1
Icefeather Aven,1
Icehide Troll,1
Ichor Drinker,1
Ichorclaw Myr,1
Igneous Pouncer,1
Illusionist's Stratagem,1
Ilysian Caryatid,1
Humiliate,1
Hulking Ogre,1
Hulking Bugbear,1
Hope Tender,1
Hired Heist,1
Hisoka's Defiance,1
Hobbit's Sting,1
Hobble,1
Holdout Settlement,1
Honeymoon Hearse,1
Honored Crop-Captain,1
Hooded Assassin,1
Horde Ambusher,1
"Huatli, the Sun's Heart",1
Hordeling Outburst,1
Horizon Seeker,1
Horizon Spellbomb,1
Hornswoggle,1
Hotshot Mechanic,1
House Guildmage,1
Howl of the Night Pack,1
Howling Giant,1
Lucid Dreams,1
